elapsed_s,phase,seq,state,energy,frame_counter,flags
4.296001861803234e-06,SILENCIO 2s,29319,QUIET,12025,24283136,4
4.296001861803234e-06,SILENCIO 2s,29320,QUIET,9279,24283392,4
4.296001861803234e-06,SILENCIO 2s,29321,QUIET,5218,24283648,4
4.296001861803234e-06,SILENCIO 2s,29322,QUIET,4222,24283904,4
4.296001861803234e-06,SILENCIO 2s,29323,QUIET,2594,24284160,4
4.296001861803234e-06,SILENCIO 2s,29324,QUIET,1601,24284416,4
4.296001861803234e-06,SILENCIO 2s,29325,QUIET,1068,24284672,4
4.296001861803234e-06,SILENCIO 2s,29326,QUIET,2017,24284928,4
4.296001861803234e-06,SILENCIO 2s,29327,QUIET,3844,24285184,4
4.296001861803234e-06,SILENCIO 2s,29328,QUIET,8373,24285440,4
4.296001861803234e-06,SILENCIO 2s,29329,QUIET,15172,24285696,4
4.296001861803234e-06,SILENCIO 2s,29330,QUIET,16878,24285952,4
4.296001861803234e-06,SILENCIO 2s,29331,QUIET,14834,24286208,4
4.296001861803234e-06,SILENCIO 2s,29332,QUIET,13100,24286464,4
4.296001861803234e-06,SILENCIO 2s,29333,QUIET,11941,24286720,4
4.296001861803234e-06,SILENCIO 2s,29334,QUIET,10937,24286976,4
4.296001861803234e-06,SILENCIO 2s,29335,QUIET,9856,24287232,4
4.296001861803234e-06,SILENCIO 2s,29336,QUIET,8689,24287488,4
4.296001861803234e-06,SILENCIO 2s,29337,QUIET,7646,24287744,4
4.296001861803234e-06,SILENCIO 2s,29338,QUIET,7338,24288000,4
4.296001861803234e-06,SILENCIO 2s,29339,QUIET,7678,24288256,4
4.296001861803234e-06,SILENCIO 2s,29340,QUIET,6597,24288512,4
4.296001861803234e-06,SILENCIO 2s,29341,QUIET,5359,24288768,4
4.296001861803234e-06,SILENCIO 2s,29342,QUIET,5120,24289024,4
4.296001861803234e-06,SILENCIO 2s,29343,QUIET,4374,24289280,4
4.296001861803234e-06,SILENCIO 2s,29344,QUIET,4885,24289536,4
4.296001861803234e-06,SILENCIO 2s,29345,QUIET,4782,24289792,4
4.296001861803234e-06,SILENCIO 2s,29346,QUIET,4658,24290048,4
4.296001861803234e-06,SILENCIO 2s,29347,QUIET,3607,24290304,4
4.296001861803234e-06,SILENCIO 2s,29348,QUIET,3904,24290560,4
4.296001861803234e-06,SILENCIO 2s,29349,QUIET,3733,24290816,4
0.1798969970041071,SILENCIO 2s,29350,QUIET,3345,24291072,4
0.1798969970041071,SILENCIO 2s,29351,QUIET,2792,24291328,4
0.1798969970041071,SILENCIO 2s,29352,QUIET,1199,24291584,4
0.1798969970041071,SILENCIO 2s,29353,QUIET,1186,24291840,4
0.1798969970041071,SILENCIO 2s,29354,QUIET,1785,24292096,4
0.1798969970041071,SILENCIO 2s,29355,QUIET,2584,24292352,4
0.1798969970041071,SILENCIO 2s,29356,QUIET,3494,24292608,4
0.1798969970041071,SILENCIO 2s,29357,QUIET,11142,24292864,4
0.2243570870050462,SILENCIO 2s,29358,QUIET,15214,24293120,4
0.2243570870050462,SILENCIO 2s,29359,QUIET,14057,24293376,4
0.2243570870050462,SILENCIO 2s,29360,QUIET,12564,24293632,4
0.2243570870050462,SILENCIO 2s,29361,QUIET,12340,24293888,4
0.2467530270005227,SILENCIO 2s,29362,QUIET,11774,24294144,4
0.2467530270005227,SILENCIO 2s,29363,QUIET,10782,24294400,4
0.2467530270005227,SILENCIO 2s,29364,QUIET,9695,24294656,4
0.269053468000493,SILENCIO 2s,29365,QUIET,8819,24294912,4
0.269053468000493,SILENCIO 2s,29366,QUIET,6731,24295168,4
0.269053468000493,SILENCIO 2s,29367,QUIET,5562,24295424,4
0.269053468000493,SILENCIO 2s,29368,QUIET,3032,24295680,4
0.269053468000493,SILENCIO 2s,29369,QUIET,1275,24295936,4
0.269053468000493,SILENCIO 2s,29370,QUIET,3070,24296192,4
0.269053468000493,SILENCIO 2s,29371,QUIET,5553,24296448,4
0.269053468000493,SILENCIO 2s,29372,QUIET,11984,24296704,4
0.269053468000493,SILENCIO 2s,29373,QUIET,13373,24296960,4
0.269053468000493,SILENCIO 2s,29374,QUIET,13140,24297216,4
0.3249677910062019,SILENCIO 2s,29375,QUIET,12656,24297472,4
0.3249677910062019,SILENCIO 2s,29376,QUIET,11046,24297728,4
0.3249677910062019,SILENCIO 2s,29377,QUIET,10467,24297984,4
0.3473161580041051,SILENCIO 2s,29378,QUIET,9173,24298240,4
0.3473161580041051,SILENCIO 2s,29379,QUIET,7692,24298496,4
0.3473161580041051,SILENCIO 2s,29380,QUIET,8053,24298752,4
0.3473161580041051,SILENCIO 2s,29381,QUIET,7393,24299008,4
0.36970693000330357,SILENCIO 2s,29382,QUIET,4850,24299264,4
0.36970693000330357,SILENCIO 2s,29383,QUIET,4904,24299520,4
0.36970693000330357,SILENCIO 2s,29384,QUIET,5026,24299776,4
0.36970693000330357,SILENCIO 2s,29385,QUIET,4162,24300032,4
0.36970693000330357,SILENCIO 2s,29386,QUIET,5270,24300288,4
0.36970693000330357,SILENCIO 2s,29387,QUIET,4955,24300544,4
0.36970693000330357,SILENCIO 2s,29388,QUIET,5474,24300800,4
0.4111225230008131,SILENCIO 2s,29389,QUIET,4899,24301056,4
0.4111225230008131,SILENCIO 2s,29390,QUIET,4883,24301312,4
0.4111225230008131,SILENCIO 2s,29391,QUIET,4303,24301568,4
0.43341352100105723,SILENCIO 2s,29392,QUIET,3006,24301824,4
0.43341352100105723,SILENCIO 2s,29393,QUIET,1055,24302080,4
0.43341352100105723,SILENCIO 2s,29394,QUIET,1753,24302336,4
0.43341352100105723,SILENCIO 2s,29395,QUIET,2159,24302592,4
0.45580349700321676,SILENCIO 2s,29396,QUIET,1880,24302848,4
0.45580349700321676,SILENCIO 2s,29397,QUIET,1641,24303104,4
0.45580349700321676,SILENCIO 2s,29398,QUIET,1345,24303360,4
0.45580349700321676,SILENCIO 2s,29399,QUIET,1071,24303616,4
0.45580349700321676,SILENCIO 2s,29400,QUIET,1259,24303872,4
0.45580349700321676,SILENCIO 2s,29401,QUIET,1825,24304128,4
0.45580349700321676,SILENCIO 2s,29402,QUIET,1348,24304384,4
0.45580349700321676,SILENCIO 2s,29403,QUIET,1055,24304640,4
0.5054807720007375,SILENCIO 2s,29404,QUIET,1309,24304896,4
0.5054807720007375,SILENCIO 2s,29405,QUIET,864,24305152,4
0.5054807720007375,SILENCIO 2s,29406,QUIET,1506,24305408,4
0.5054807720007375,SILENCIO 2s,29407,QUIET,964,24305664,4
0.5278799520019675,SILENCIO 2s,29408,QUIET,1820,24305920,4
0.5278799520019675,SILENCIO 2s,29409,QUIET,3413,24306176,4
0.5278799520019675,SILENCIO 2s,29410,QUIET,3140,24306432,4
0.5278799520019675,SILENCIO 2s,29411,QUIET,5803,24306688,4
0.5502821140034939,SILENCIO 2s,29412,QUIET,13819,24306944,4
0.5502821140034939,SILENCIO 2s,29413,QUIET,16231,24307200,4
0.5502821140034939,SILENCIO 2s,29414,QUIET,16257,24307456,4
0.5502821140034939,SILENCIO 2s,29415,QUIET,14886,24307712,4
0.5502821140034939,SILENCIO 2s,29416,QUIET,15171,24307968,4
0.5502821140034939,SILENCIO 2s,29417,QUIET,12403,24308224,4
0.5502821140034939,SILENCIO 2s,29418,QUIET,12911,24308480,4
0.5502821140034939,SILENCIO 2s,29419,QUIET,10024,24308736,4
0.5502821140034939,SILENCIO 2s,29420,QUIET,6749,24308992,4
0.5502821140034939,SILENCIO 2s,29421,QUIET,4588,24309248,4
0.6132764810026856,SILENCIO 2s,29422,QUIET,2630,24309504,4
0.6132764810026856,SILENCIO 2s,29423,QUIET,1449,24309760,4
0.6132764810026856,SILENCIO 2s,29424,QUIET,7749,24310016,4
0.6132764810026856,SILENCIO 2s,29425,QUIET,12170,24310272,4
0.6356810690049315,SILENCIO 2s,29426,QUIET,14183,24310528,4
0.6356810690049315,SILENCIO 2s,29427,QUIET,14497,24310784,4
0.6356810690049315,SILENCIO 2s,29428,QUIET,14581,24311040,4
0.6356810690049315,SILENCIO 2s,29429,QUIET,12944,24311296,4
0.6356810690049315,SILENCIO 2s,29430,QUIET,11378,24311552,4
0.6356810690049315,SILENCIO 2s,29431,QUIET,10195,24311808,4
0.6356810690049315,SILENCIO 2s,29432,QUIET,8203,24312064,4
0.6356810690049315,SILENCIO 2s,29433,QUIET,9479,24312320,4
0.6876089540019166,SILENCIO 2s,29434,QUIET,6392,24312576,4
0.6876089540019166,SILENCIO 2s,29435,QUIET,6913,24312832,4
0.6876089540019166,SILENCIO 2s,29436,QUIET,5697,24313088,4
0.6876089540019166,SILENCIO 2s,29437,QUIET,5147,24313344,4
0.7100129669997841,SILENCIO 2s,29438,QUIET,5662,24313600,4
0.7100129669997841,SILENCIO 2s,29439,QUIET,5528,24313856,4
0.7100129669997841,SILENCIO 2s,29440,QUIET,5135,24314112,4
0.7100129669997841,SILENCIO 2s,29441,QUIET,4752,24314368,4
0.7324376840042532,SILENCIO 2s,29442,QUIET,4802,24314624,4
0.7324376840042532,SILENCIO 2s,29443,QUIET,3700,24314880,4
0.7324376840042532,SILENCIO 2s,29444,QUIET,4348,24315136,4
0.7324376840042532,SILENCIO 2s,29445,QUIET,3802,24315392,4
0.7324376840042532,SILENCIO 2s,29446,QUIET,1265,24315648,4
0.7324376840042532,SILENCIO 2s,29447,QUIET,817,24315904,4
0.7324376840042532,SILENCIO 2s,29448,QUIET,1705,24316160,4
0.7324376840042532,SILENCIO 2s,29449,QUIET,2718,24316416,4
0.7324376840042532,SILENCIO 2s,29450,QUIET,1949,24316672,4
0.7324376840042532,SILENCIO 2s,29451,QUIET,2729,24316928,4
0.7324376840042532,SILENCIO 2s,29452,QUIET,1685,24317184,4
0.7324376840042532,SILENCIO 2s,29453,QUIET,1046,24317440,4
0.7324376840042532,SILENCIO 2s,29454,QUIET,2845,24317696,4
0.7324376840042532,SILENCIO 2s,29455,QUIET,3190,24317952,4
0.7324376840042532,SILENCIO 2s,29456,QUIET,2468,24318208,4
0.7324376840042532,SILENCIO 2s,29457,QUIET,1637,24318464,4
0.7324376840042532,SILENCIO 2s,29458,QUIET,994,24318720,4
0.7324376840042532,SILENCIO 2s,29459,QUIET,3253,24318976,4
0.7324376840042532,SILENCIO 2s,29460,QUIET,3175,24319232,4
0.7324376840042532,SILENCIO 2s,29461,QUIET,1867,24319488,4
0.7324376840042532,SILENCIO 2s,29462,QUIET,1725,24319744,4
0.7324376840042532,SILENCIO 2s,29463,QUIET,2457,24320000,4
0.7324376840042532,SILENCIO 2s,29464,QUIET,2465,24320256,4
0.872222313999373,SILENCIO 2s,29465,QUIET,1057,24320512,4
0.872222313999373,SILENCIO 2s,29466,QUIET,2145,24320768,4
0.872222313999373,SILENCIO 2s,29467,QUIET,3894,24321024,4
0.872222313999373,SILENCIO 2s,29468,QUIET,2250,24321280,4
0.872222313999373,SILENCIO 2s,29469,QUIET,2610,24321536,4
0.872222313999373,SILENCIO 2s,29470,QUIET,2601,24321792,4
0.872222313999373,SILENCIO 2s,29471,QUIET,2228,24322048,4
0.915030039002886,SILENCIO 2s,29472,QUIET,1461,24322304,4
0.915030039002886,SILENCIO 2s,29473,QUIET,1918,24322560,4
0.915030039002886,SILENCIO 2s,29474,QUIET,2276,24322816,4
0.915030039002886,SILENCIO 2s,29475,QUIET,1034,24323072,4
0.9374139420033316,SILENCIO 2s,29476,QUIET,952,24323328,4
0.9374139420033316,SILENCIO 2s,29477,QUIET,948,24323584,4
0.9374139420033316,SILENCIO 2s,29478,QUIET,844,24323840,4
0.9597595119994367,SILENCIO 2s,29479,QUIET,1708,24324096,4
0.9597595119994367,SILENCIO 2s,29480,QUIET,4314,24324352,4
0.9597595119994367,SILENCIO 2s,29481,QUIET,5157,24324608,4
0.9597595119994367,SILENCIO 2s,29482,QUIET,5977,24324864,4
0.9597595119994367,SILENCIO 2s,29483,QUIET,7722,24325120,4
0.9597595119994367,SILENCIO 2s,29484,QUIET,14138,24325376,4
0.9597595119994367,SILENCIO 2s,29485,QUIET,16500,24325632,4
0.9597595119994367,SILENCIO 2s,29486,QUIET,16068,24325888,4
0.9597595119994367,SILENCIO 2s,29487,QUIET,14019,24326144,4
0.9597595119994367,SILENCIO 2s,29488,QUIET,12861,24326400,4
1.021309897005267,SILENCIO 2s,29489,QUIET,12562,24326656,4
1.021309897005267,SILENCIO 2s,29490,QUIET,10989,24326912,4
1.021309897005267,SILENCIO 2s,29491,QUIET,7988,24327168,4
1.021309897005267,SILENCIO 2s,29492,QUIET,6000,24327424,4
1.043717706001189,SILENCIO 2s,29493,QUIET,3981,24327680,4
1.043717706001189,SILENCIO 2s,29494,QUIET,2238,24327936,4
1.043717706001189,SILENCIO 2s,29495,QUIET,2956,24328192,4
1.043717706001189,SILENCIO 2s,29496,QUIET,4431,24328448,4
1.043717706001189,SILENCIO 2s,29497,QUIET,3260,24328704,4
1.043717706001189,SILENCIO 2s,29498,QUIET,1786,24328960,4
1.043717706001189,SILENCIO 2s,29499,QUIET,856,24329216,4
1.0851240590054658,SILENCIO 2s,29500,QUIET,3318,24329472,4
1.0851240590054658,SILENCIO 2s,29501,QUIET,10610,24329728,4
1.0851240590054658,SILENCIO 2s,29502,QUIET,14286,24329984,4
1.0851240590054658,SILENCIO 2s,29503,QUIET,15645,24330240,4
1.1075279050055542,SILENCIO 2s,29504,QUIET,13635,24330496,4
1.1075279050055542,SILENCIO 2s,29505,QUIET,10688,24330752,4
1.1075279050055542,SILENCIO 2s,29506,QUIET,9761,24331008,4
1.1298621610039845,SILENCIO 2s,29507,QUIET,9678,24331264,4
1.1298621610039845,SILENCIO 2s,29508,QUIET,8331,24331520,4
1.1298621610039845,SILENCIO 2s,29509,QUIET,7486,24331776,4
1.1298621610039845,SILENCIO 2s,29510,QUIET,6507,24332032,4
1.1298621610039845,SILENCIO 2s,29511,QUIET,5583,24332288,4
1.1298621610039845,SILENCIO 2s,29512,QUIET,4855,24332544,4
1.1298621610039845,SILENCIO 2s,29513,QUIET,3285,24332800,4
1.1298621610039845,SILENCIO 2s,29514,QUIET,3450,24333056,4
1.1298621610039845,SILENCIO 2s,29515,QUIET,4177,24333312,4
1.1298621610039845,SILENCIO 2s,29516,QUIET,1968,24333568,4
1.1298621610039845,SILENCIO 2s,29517,QUIET,1206,24333824,4
1.1298621610039845,SILENCIO 2s,29518,QUIET,4008,24334080,4
1.1298621610039845,SILENCIO 2s,29519,QUIET,9838,24334336,4
1.1298621610039845,SILENCIO 2s,29520,QUIET,17684,24334592,4
1.1298621610039845,SILENCIO 2s,29521,QUIET,21784,24334848,4
1.1298621610039845,SILENCIO 2s,29522,QUIET,23478,24335104,4
1.1298621610039845,SILENCIO 2s,29523,QUIET,23086,24335360,4
1.1298621610039845,SILENCIO 2s,29524,QUIET,21796,24335616,4
1.2408589200058486,SILENCIO 2s,29525,QUIET,20894,24335872,4
1.2408589200058486,SILENCIO 2s,29526,QUIET,16861,24336128,4
1.2408589200058486,SILENCIO 2s,29527,QUIET,15659,24336384,4
1.2408589200058486,SILENCIO 2s,29528,QUIET,12444,24336640,4
1.2408589200058486,SILENCIO 2s,29529,QUIET,11120,24336896,4
1.2408589200058486,SILENCIO 2s,29530,QUIET,7155,24337152,4
1.2408589200058486,SILENCIO 2s,29531,QUIET,5856,24337408,4
1.280404021999857,SILENCIO 2s,29532,QUIET,3273,24337664,4
1.280404021999857,SILENCIO 2s,29533,QUIET,1289,24337920,4
1.280404021999857,SILENCIO 2s,29534,QUIET,1135,24338176,4
1.280404021999857,SILENCIO 2s,29535,QUIET,1767,24338432,4
1.3027948140006629,SILENCIO 2s,29536,QUIET,2438,24338688,4
1.3027948140006629,SILENCIO 2s,29537,QUIET,1251,24338944,4
1.3027948140006629,SILENCIO 2s,29538,QUIET,850,24339200,4
1.3250647010063403,SILENCIO 2s,29539,QUIET,916,24339456,4
1.3250647010063403,SILENCIO 2s,29540,QUIET,1484,24339712,4
1.3250647010063403,SILENCIO 2s,29541,QUIET,1734,24339968,4
1.3250647010063403,SILENCIO 2s,29542,QUIET,2615,24340224,4
1.3250647010063403,SILENCIO 2s,29543,QUIET,1943,24340480,4
1.3250647010063403,SILENCIO 2s,29544,QUIET,2307,24340736,4
1.3250647010063403,SILENCIO 2s,29545,QUIET,1799,24340992,4
1.3250647010063403,SILENCIO 2s,29546,QUIET,1369,24341248,4
1.3250647010063403,SILENCIO 2s,29547,QUIET,3029,24341504,4
1.3250647010063403,SILENCIO 2s,29548,QUIET,2116,24341760,4
1.3250647010063403,SILENCIO 2s,29549,QUIET,1885,24342016,4
1.3250647010063403,SILENCIO 2s,29550,QUIET,3796,24342272,4
1.3250647010063403,SILENCIO 2s,29551,QUIET,6302,24342528,4
1.3250647010063403,SILENCIO 2s,29552,QUIET,9416,24342784,4
1.3250647010063403,SILENCIO 2s,29553,QUIET,9494,24343040,4
1.3250647010063403,SILENCIO 2s,29554,QUIET,9539,24343296,4
1.3250647010063403,SILENCIO 2s,29555,QUIET,10717,24343552,4
1.3250647010063403,SILENCIO 2s,29556,QUIET,9321,24343808,4
1.434844397001143,SILENCIO 2s,29557,QUIET,8519,24344064,4
1.434844397001143,SILENCIO 2s,29558,QUIET,7280,24344320,4
1.434844397001143,SILENCIO 2s,29559,QUIET,4680,24344576,4
1.434844397001143,SILENCIO 2s,29560,QUIET,3151,24344832,4
1.434844397001143,SILENCIO 2s,29561,QUIET,2397,24345088,4
1.434844397001143,SILENCIO 2s,29562,QUIET,1962,24345344,4
1.434844397001143,SILENCIO 2s,29563,QUIET,934,24345600,4
1.4741290620004293,SILENCIO 2s,29564,QUIET,2390,24345856,4
1.4741290620004293,SILENCIO 2s,29565,QUIET,1830,24346112,4
1.4741290620004293,SILENCIO 2s,29566,QUIET,885,24346368,4
1.4741290620004293,SILENCIO 2s,29567,QUIET,1318,24346624,4
1.4965310010011308,SILENCIO 2s,29568,QUIET,1958,24346880,4
1.4965310010011308,SILENCIO 2s,29569,QUIET,1280,24347136,4
1.4965310010011308,SILENCIO 2s,29570,QUIET,1107,24347392,4
1.5188119800004642,SILENCIO 2s,29571,QUIET,2781,24347648,4
1.5188119800004642,SILENCIO 2s,29572,QUIET,12026,24347904,4
1.5188119800004642,SILENCIO 2s,29573,QUIET,18718,24348160,4
1.5188119800004642,SILENCIO 2s,29574,QUIET,20569,24348416,4
1.5188119800004642,SILENCIO 2s,29575,QUIET,19981,24348672,4
1.5188119800004642,SILENCIO 2s,29576,QUIET,19641,24348928,4
1.5563289109995821,SILENCIO 2s,29577,QUIET,17120,24349184,4
1.5563289109995821,SILENCIO 2s,29578,QUIET,14619,24349440,4
1.5563289109995821,SILENCIO 2s,29579,QUIET,12692,24349696,4
1.5563289109995821,SILENCIO 2s,29580,QUIET,9661,24349952,4
1.5787323690019548,SILENCIO 2s,29581,QUIET,5379,24350208,4
1.5787323690019548,SILENCIO 2s,29582,QUIET,1929,24350464,4
1.5787323690019548,SILENCIO 2s,29583,QUIET,2840,24350720,4
1.5787323690019548,SILENCIO 2s,29584,QUIET,1380,24350976,4
1.6011266790010268,SILENCIO 2s,29585,QUIET,2346,24351232,4
1.6011266790010268,SILENCIO 2s,29586,QUIET,3926,24351488,4
1.6011266790010268,SILENCIO 2s,29587,QUIET,6408,24351744,4
1.6011266790010268,SILENCIO 2s,29588,QUIET,10773,24352000,4
1.6011266790010268,SILENCIO 2s,29589,QUIET,15467,24352256,4
1.6011266790010268,SILENCIO 2s,29590,QUIET,15362,24352512,4
1.6011266790010268,SILENCIO 2s,29591,QUIET,15712,24352768,4
1.643988513002114,SILENCIO 2s,29592,QUIET,12110,24353024,4
1.643988513002114,SILENCIO 2s,29593,QUIET,11680,24353280,4
1.643988513002114,SILENCIO 2s,29594,QUIET,7600,24353536,4
1.643988513002114,SILENCIO 2s,29595,QUIET,7253,24353792,4
1.6663776200002758,SILENCIO 2s,29596,QUIET,8115,24354048,4
1.6663776200002758,SILENCIO 2s,29597,QUIET,6745,24354304,4
1.6663776200002758,SILENCIO 2s,29598,QUIET,7445,24354560,4
1.6887341900001047,SILENCIO 2s,29599,QUIET,6967,24354816,4
1.6887341900001047,SILENCIO 2s,29600,QUIET,5232,24355072,4
1.6887341900001047,SILENCIO 2s,29601,QUIET,4114,24355328,4
1.6887341900001047,SILENCIO 2s,29602,QUIET,4441,24355584,4
1.6887341900001047,SILENCIO 2s,29603,QUIET,3502,24355840,4
1.6887341900001047,SILENCIO 2s,29604,QUIET,2381,24356096,4
1.6887341900001047,SILENCIO 2s,29605,QUIET,3771,24356352,4
1.6887341900001047,SILENCIO 2s,29606,QUIET,4214,24356608,4
1.6887341900001047,SILENCIO 2s,29607,QUIET,4109,24356864,4
1.6887341900001047,SILENCIO 2s,29608,QUIET,3386,24357120,4
1.6887341900001047,SILENCIO 2s,29609,QUIET,2788,24357376,4
1.6887341900001047,SILENCIO 2s,29610,QUIET,3811,24357632,4
1.7618736360018374,SILENCIO 2s,29611,QUIET,2974,24357888,4
1.7618736360018374,SILENCIO 2s,29612,QUIET,1838,24358144,4
1.7618736360018374,SILENCIO 2s,29613,QUIET,2091,24358400,4
1.7618736360018374,SILENCIO 2s,29614,QUIET,2414,24358656,4
1.784278204999282,SILENCIO 2s,29615,QUIET,1287,24358912,4
1.784278204999282,SILENCIO 2s,29616,QUIET,1199,24359168,4
1.784278204999282,SILENCIO 2s,29617,QUIET,2701,24359424,4
1.784278204999282,SILENCIO 2s,29618,QUIET,10534,24359680,4
1.784278204999282,SILENCIO 2s,29619,QUIET,16985,24359936,4
1.784278204999282,SILENCIO 2s,29620,QUIET,16467,24360192,4
1.784278204999282,SILENCIO 2s,29621,QUIET,15577,24360448,4
1.784278204999282,SILENCIO 2s,29622,QUIET,14705,24360704,4
1.784278204999282,SILENCIO 2s,29623,QUIET,12270,24360960,4
1.8395660250025685,SILENCIO 2s,29624,QUIET,11226,24361216,4
1.8395660250025685,SILENCIO 2s,29625,QUIET,10290,24361472,4
1.8395660250025685,SILENCIO 2s,29626,QUIET,8340,24361728,4
1.8395660250025685,SILENCIO 2s,29627,QUIET,7218,24361984,4
1.8619655380025506,SILENCIO 2s,29628,QUIET,3858,24362240,4
1.8619655380025506,SILENCIO 2s,29629,QUIET,1986,24362496,4
1.8619655380025506,SILENCIO 2s,29630,QUIET,7598,24362752,4
1.8619655380025506,SILENCIO 2s,29631,QUIET,11642,24363008,4
1.8843411449997802,SILENCIO 2s,29632,QUIET,13147,24363264,4
1.8843411449997802,SILENCIO 2s,29633,QUIET,12925,24363520,4
1.8843411449997802,SILENCIO 2s,29634,QUIET,11001,24363776,4
1.8843411449997802,SILENCIO 2s,29635,QUIET,8962,24364032,4
1.8843411449997802,SILENCIO 2s,29636,QUIET,8852,24364288,4
1.8843411449997802,SILENCIO 2s,29637,QUIET,8714,24364544,4
1.8843411449997802,SILENCIO 2s,29638,QUIET,7129,24364800,4
1.8843411449997802,SILENCIO 2s,29639,QUIET,5031,24365056,4
1.8843411449997802,SILENCIO 2s,29640,QUIET,6603,24365312,4
1.943218134001654,SILENCIO 2s,29641,QUIET,5594,24365568,4
1.943218134001654,SILENCIO 2s,29642,QUIET,3983,24365824,4
1.943218134001654,SILENCIO 2s,29643,QUIET,4365,24366080,4
1.943218134001654,SILENCIO 2s,29644,QUIET,4410,24366336,4
1.9656128510032431,REPRODUZINDO,29645,QUIET,2450,24366592,4
1.9656128510032431,REPRODUZINDO,29646,QUIET,2751,24366848,4
1.9656128510032431,REPRODUZINDO,29647,QUIET,2551,24367104,4
1.9656128510032431,REPRODUZINDO,29648,QUIET,1662,24367360,4
1.9656128510032431,REPRODUZINDO,29649,QUIET,1370,24367616,4
1.9656128510032431,REPRODUZINDO,29650,QUIET,2292,24367872,4
1.9656128510032431,REPRODUZINDO,29651,QUIET,1911,24368128,4
1.9656128510032431,REPRODUZINDO,29652,QUIET,1457,24368384,4
1.9656128510032431,REPRODUZINDO,29653,QUIET,1016,24368640,4
1.9656128510032431,REPRODUZINDO,29654,QUIET,3159,24368896,4
1.9656128510032431,REPRODUZINDO,29655,QUIET,9492,24369152,4
1.9656128510032431,REPRODUZINDO,29656,QUIET,16181,24369408,4
1.9656128510032431,REPRODUZINDO,29657,QUIET,20053,24369664,4
1.9656128510032431,REPRODUZINDO,29658,QUIET,23057,24369920,4
1.9656128510032431,REPRODUZINDO,29659,QUIET,22417,24370176,4
1.9656128510032431,REPRODUZINDO,29660,QUIET,18967,24370432,4
1.9656128510032431,REPRODUZINDO,29661,QUIET,15169,24370688,4
1.9656128510032431,REPRODUZINDO,29662,QUIET,11587,24370944,4
1.9656128510032431,REPRODUZINDO,29663,QUIET,10460,24371200,4
1.9656128510032431,REPRODUZINDO,29664,QUIET,7833,24371456,4
1.9656128510032431,REPRODUZINDO,29665,QUIET,4315,24371712,4
1.9656128510032431,REPRODUZINDO,29666,QUIET,4658,24371968,4
1.9656128510032431,REPRODUZINDO,29667,QUIET,1620,24372224,4
1.9656128510032431,REPRODUZINDO,29668,QUIET,2775,24372480,4
2.1121843860019,REPRODUZINDO,29669,QUIET,4710,24372736,4
2.1121843860019,REPRODUZINDO,29670,QUIET,9343,24372992,4
2.1121843860019,REPRODUZINDO,29671,QUIET,14076,24373248,4
2.1121843860019,REPRODUZINDO,29672,QUIET,13882,24373504,4
2.1121843860019,REPRODUZINDO,29673,QUIET,14779,24373760,4
2.1121843860019,REPRODUZINDO,29674,QUIET,12034,24374016,4
2.148024099005852,REPRODUZINDO,29675,QUIET,10102,24374272,4
2.148024099005852,REPRODUZINDO,29676,QUIET,12245,24374528,4
2.148024099005852,REPRODUZINDO,29677,QUIET,8900,24374784,4
2.148024099005852,REPRODUZINDO,29678,QUIET,8896,24375040,4
2.1704089470003964,REPRODUZINDO,29679,QUIET,7237,24375296,4
2.1704089470003964,REPRODUZINDO,29680,QUIET,7026,24375552,4
2.1704089470003964,REPRODUZINDO,29681,QUIET,5390,24375808,4
2.1927931450045435,REPRODUZINDO,29682,QUIET,4878,24376064,4
2.1927931450045435,REPRODUZINDO,29683,QUIET,3185,24376320,4
2.1927931450045435,REPRODUZINDO,29684,QUIET,3836,24376576,4
2.1927931450045435,REPRODUZINDO,29685,QUIET,2251,24376832,4
2.1927931450045435,REPRODUZINDO,29686,QUIET,2234,24377088,4
2.1927931450045435,REPRODUZINDO,29687,QUIET,2488,24377344,4
2.1927931450045435,REPRODUZINDO,29688,QUIET,2149,24377600,4
2.1927931450045435,REPRODUZINDO,29689,QUIET,2939,24377856,4
2.1927931450045435,REPRODUZINDO,29690,QUIET,3506,24378112,4
2.1927931450045435,REPRODUZINDO,29691,QUIET,2767,24378368,4
2.1927931450045435,REPRODUZINDO,29692,QUIET,1940,24378624,4
2.2578739610034972,REPRODUZINDO,29693,QUIET,1831,24378880,4
2.2578739610034972,REPRODUZINDO,29694,QUIET,924,24379136,4
2.2578739610034972,REPRODUZINDO,29695,QUIET,1243,24379392,4
2.2578739610034972,REPRODUZINDO,29696,QUIET,3064,24379648,4
2.280296436001663,REPRODUZINDO,29697,QUIET,3947,24379904,4
2.280296436001663,REPRODUZINDO,29698,QUIET,7369,24380160,4
2.280296436001663,REPRODUZINDO,29699,QUIET,15127,24380416,4
2.280296436001663,REPRODUZINDO,29700,QUIET,19605,24380672,4
2.280296436001663,REPRODUZINDO,29701,QUIET,18094,24380928,4
2.280296436001663,REPRODUZINDO,29702,QUIET,14070,24381184,4
2.280296436001663,REPRODUZINDO,29703,QUIET,13436,24381440,4
2.3249915950000286,REPRODUZINDO,29704,QUIET,10473,24381696,4
2.3249915950000286,REPRODUZINDO,29705,QUIET,9099,24381952,4
2.3249915950000286,REPRODUZINDO,29706,QUIET,7314,24382208,4
2.3249915950000286,REPRODUZINDO,29707,QUIET,4724,24382464,4
2.3473825530018075,REPRODUZINDO,29708,QUIET,6046,24382720,4
2.3473825530018075,REPRODUZINDO,29709,QUIET,3395,24382976,4
2.3473825530018075,REPRODUZINDO,29710,QUIET,2110,24383232,4
2.3473825530018075,REPRODUZINDO,29711,QUIET,8419,24383488,4
2.3697637709992705,REPRODUZINDO,29712,QUIET,13130,24383744,4
2.3697637709992705,REPRODUZINDO,29713,QUIET,16343,24384000,4
2.3697637709992705,REPRODUZINDO,29714,QUIET,14281,24384256,4
2.3697637709992705,REPRODUZINDO,29715,QUIET,10765,24384512,4
2.3697637709992705,REPRODUZINDO,29716,QUIET,10249,24384768,4
2.3697637709992705,REPRODUZINDO,29717,QUIET,10378,24385024,4
2.3697637709992705,REPRODUZINDO,29718,QUIET,9121,24385280,4
2.3697637709992705,REPRODUZINDO,29719,QUIET,8686,24385536,4
2.3697637709992705,REPRODUZINDO,29720,QUIET,8146,24385792,4
2.3697637709992705,REPRODUZINDO,29721,QUIET,8407,24386048,4
2.3697637709992705,REPRODUZINDO,29722,QUIET,8359,24386304,4
2.3697637709992705,REPRODUZINDO,29723,QUIET,7290,24386560,4
2.3697637709992705,REPRODUZINDO,29724,QUIET,4841,24386816,4
2.3697637709992705,REPRODUZINDO,29725,QUIET,5300,24387072,4
2.4567137050034944,REPRODUZINDO,29726,QUIET,5670,24387328,4
2.4567137050034944,REPRODUZINDO,29727,QUIET,3976,24387584,4
2.4567137050034944,REPRODUZINDO,29728,QUIET,4004,24387840,4
2.4567137050034944,REPRODUZINDO,29729,QUIET,4157,24388096,4
2.4567137050034944,REPRODUZINDO,29730,QUIET,2614,24388352,4
2.4567137050034944,REPRODUZINDO,29731,QUIET,2355,24388608,4
2.4567137050034944,REPRODUZINDO,29732,QUIET,1153,24388864,4
2.4567137050034944,REPRODUZINDO,29733,QUIET,902,24389120,4
2.5035516990028555,REPRODUZINDO,29734,QUIET,1988,24389376,4
2.5035516990028555,REPRODUZINDO,29735,QUIET,1804,24389632,4
2.5035516990028555,REPRODUZINDO,29736,QUIET,2400,24389888,4
2.525875270002871,REPRODUZINDO,29737,QUIET,2387,24390144,4
2.525875270002871,REPRODUZINDO,29738,QUIET,1695,24390400,4
2.525875270002871,REPRODUZINDO,29739,QUIET,1990,24390656,4
2.525875270002871,REPRODUZINDO,29740,QUIET,1292,24390912,4
2.548267358004523,REPRODUZINDO,29741,QUIET,1291,24391168,4
2.548267358004523,REPRODUZINDO,29742,QUIET,4295,24391424,4
2.548267358004523,REPRODUZINDO,29743,QUIET,3855,24391680,4
2.548267358004523,REPRODUZINDO,29744,QUIET,4849,24391936,4
2.548267358004523,REPRODUZINDO,29745,QUIET,3780,24392192,4
2.548267358004523,REPRODUZINDO,29746,QUIET,3768,24392448,4
2.548267358004523,REPRODUZINDO,29747,QUIET,3284,24392704,4
2.548267358004523,REPRODUZINDO,29748,QUIET,5217,24392960,4
2.548267358004523,REPRODUZINDO,29749,QUIET,5641,24393216,4
2.601943070003472,REPRODUZINDO,29750,QUIET,4180,24393472,4
2.601943070003472,REPRODUZINDO,29751,QUIET,2094,24393728,4
2.601943070003472,REPRODUZINDO,29752,QUIET,1382,24393984,4
2.601943070003472,REPRODUZINDO,29753,QUIET,1623,24394240,4
2.6243357870043837,REPRODUZINDO,29754,QUIET,4747,24394496,4
2.6243357870043837,REPRODUZINDO,29755,QUIET,4297,24394752,4
2.6243357870043837,REPRODUZINDO,29756,QUIET,4017,24395008,4
2.6466687280044425,REPRODUZINDO,29757,QUIET,5392,24395264,4
2.6466687280044425,REPRODUZINDO,29758,QUIET,5949,24395520,4
2.6466687280044425,REPRODUZINDO,29759,QUIET,11497,24395776,4
2.6466687280044425,REPRODUZINDO,29760,QUIET,16949,24396032,4
2.6466687280044425,REPRODUZINDO,29761,QUIET,17231,24396288,4
2.6466687280044425,REPRODUZINDO,29762,QUIET,16994,24396544,4
2.6839533310048864,REPRODUZINDO,29763,QUIET,13837,24396800,4
2.6839533310048864,REPRODUZINDO,29764,QUIET,13431,24397056,4
2.6839533310048864,REPRODUZINDO,29765,QUIET,12647,24397312,4
2.6839533310048864,REPRODUZINDO,29766,QUIET,10624,24397568,4
2.7064026950029074,REPRODUZINDO,29767,QUIET,10263,24397824,4
2.7064026950029074,REPRODUZINDO,29768,QUIET,8523,24398080,4
2.7064026950029074,REPRODUZINDO,29769,QUIET,6214,24398336,4
2.7064026950029074,REPRODUZINDO,29770,QUIET,6432,24398592,4
2.72882530100469,REPRODUZINDO,29771,QUIET,6998,24398848,4
2.72882530100469,REPRODUZINDO,29772,QUIET,5223,24399104,4
2.72882530100469,REPRODUZINDO,29773,QUIET,2338,24399360,4
2.72882530100469,REPRODUZINDO,29774,QUIET,2945,24399616,4
2.72882530100469,REPRODUZINDO,29775,QUIET,2359,24399872,4
2.72882530100469,REPRODUZINDO,29776,QUIET,2962,24400128,4
2.766200217003643,REPRODUZINDO,29777,QUIET,2108,24400384,4
2.766200217003643,REPRODUZINDO,29778,QUIET,3193,24400640,4
2.766200217003643,REPRODUZINDO,29779,QUIET,3190,24400896,4
2.766200217003643,REPRODUZINDO,29780,QUIET,1233,24401152,4
2.788596600999881,REPRODUZINDO,29781,QUIET,1254,24401408,4
2.788596600999881,REPRODUZINDO,29782,QUIET,1245,24401664,4
2.788596600999881,REPRODUZINDO,29783,QUIET,1117,24401920,4
2.810924301003979,REPRODUZINDO,29784,QUIET,1124,24402176,4
2.810924301003979,REPRODUZINDO,29785,QUIET,1349,24402432,4
2.810924301003979,REPRODUZINDO,29786,QUIET,1394,24402688,4
2.810924301003979,REPRODUZINDO,29787,QUIET,2403,24402944,4
2.810924301003979,REPRODUZINDO,29788,QUIET,3155,24403200,4
2.810924301003979,REPRODUZINDO,29789,QUIET,1940,24403456,4
2.810924301003979,REPRODUZINDO,29790,QUIET,1214,24403712,4
2.810924301003979,REPRODUZINDO,29791,QUIET,2758,24403968,4
2.810924301003979,REPRODUZINDO,29792,QUIET,3769,24404224,4
2.8666009810040123,REPRODUZINDO,29793,QUIET,4102,24404480,4
2.8666009810040123,REPRODUZINDO,29794,QUIET,3781,24404736,4
2.8666009810040123,REPRODUZINDO,29795,QUIET,2396,24404992,4
2.8666009810040123,REPRODUZINDO,29796,QUIET,3168,24405248,4
2.888998697999341,REPRODUZINDO,29797,QUIET,4353,24405504,4
2.888998697999341,REPRODUZINDO,29798,QUIET,5771,24405760,4
2.888998697999341,REPRODUZINDO,29799,QUIET,4065,24406016,4
2.888998697999341,REPRODUZINDO,29800,QUIET,1563,24406272,4
2.911387268002727,REPRODUZINDO,29801,QUIET,1810,24406528,4
2.911387268002727,REPRODUZINDO,29802,QUIET,4108,24406784,4
2.911387268002727,REPRODUZINDO,29803,QUIET,3993,24407040,4
2.911387268002727,REPRODUZINDO,29804,QUIET,4671,24407296,4
2.911387268002727,REPRODUZINDO,29805,QUIET,6733,24407552,4
2.911387268002727,REPRODUZINDO,29806,QUIET,13256,24407808,4
2.911387268002727,REPRODUZINDO,29807,QUIET,13241,24408064,4
2.911387268002727,REPRODUZINDO,29808,QUIET,13727,24408320,4
2.911387268002727,REPRODUZINDO,29809,QUIET,12185,24408576,4
2.966596607999236,REPRODUZINDO,29810,QUIET,10821,24408832,4
2.966596607999236,REPRODUZINDO,29811,QUIET,11000,24409088,4
2.966596607999236,REPRODUZINDO,29812,QUIET,10134,24409344,4
2.966596607999236,REPRODUZINDO,29813,QUIET,9075,24409600,4
2.9890070100009325,REPRODUZINDO,29814,QUIET,8623,24409856,4
2.9890070100009325,REPRODUZINDO,29815,QUIET,5785,24410112,4
2.9890070100009325,REPRODUZINDO,29816,QUIET,6856,24410368,4
3.0113205810048385,REPRODUZINDO,29817,QUIET,8073,24410624,4
3.0113205810048385,REPRODUZINDO,29818,QUIET,4479,24410880,4
3.0113205810048385,REPRODUZINDO,29819,QUIET,2963,24411136,4
3.0113205810048385,REPRODUZINDO,29820,QUIET,3119,24411392,4
3.0113205810048385,REPRODUZINDO,29821,QUIET,1805,24411648,4
3.0113205810048385,REPRODUZINDO,29822,QUIET,1586,24411904,4
3.0113205810048385,REPRODUZINDO,29823,QUIET,1846,24412160,4
3.0113205810048385,REPRODUZINDO,29824,QUIET,1804,24412416,4
3.0113205810048385,REPRODUZINDO,29825,QUIET,1159,24412672,4
3.066606030006369,REPRODUZINDO,29826,QUIET,1702,24412928,4
3.066606030006369,REPRODUZINDO,29827,QUIET,2864,24413184,4
3.066606030006369,REPRODUZINDO,29828,QUIET,9204,24413440,4
3.066606030006369,REPRODUZINDO,29829,QUIET,17965,24413696,4
3.0889930990015273,REPRODUZINDO,29830,QUIET,20734,24413952,4
3.0889930990015273,REPRODUZINDO,29831,QUIET,23437,24414208,4
3.0889930990015273,REPRODUZINDO,29832,QUIET,23296,24414464,4
3.0889930990015273,REPRODUZINDO,29833,QUIET,21574,24414720,4
3.111390575999394,REPRODUZINDO,29834,QUIET,19411,24414976,4
3.111390575999394,REPRODUZINDO,29835,QUIET,16711,24415232,4
3.111390575999394,REPRODUZINDO,29836,QUIET,14098,24415488,4
3.111390575999394,REPRODUZINDO,29837,QUIET,13742,24415744,4
3.111390575999394,REPRODUZINDO,29838,QUIET,12541,24416000,4
3.111390575999394,REPRODUZINDO,29839,QUIET,9813,24416256,4
3.111390575999394,REPRODUZINDO,29840,QUIET,6821,24416512,4
3.111390575999394,REPRODUZINDO,29841,QUIET,2787,24416768,4
3.111390575999394,REPRODUZINDO,29842,QUIET,2408,24417024,4
3.111390575999394,REPRODUZINDO,29843,QUIET,1633,24417280,4
3.17255358100374,REPRODUZINDO,29844,QUIET,1678,24417536,4
3.17255358100374,REPRODUZINDO,29845,QUIET,2758,24417792,4
3.17255358100374,REPRODUZINDO,29846,QUIET,3558,24418048,4
3.17255358100374,REPRODUZINDO,29847,QUIET,2906,24418304,4
3.194998149003368,REPRODUZINDO,29848,QUIET,3324,24418560,4
3.194998149003368,REPRODUZINDO,29849,QUIET,3019,24418816,4
3.194998149003368,REPRODUZINDO,29850,QUIET,3088,24419072,4
3.194998149003368,REPRODUZINDO,29851,QUIET,3647,24419328,4
3.194998149003368,REPRODUZINDO,29852,QUIET,3876,24419584,4
3.194998149003368,REPRODUZINDO,29853,QUIET,5124,24419840,4
3.194998149003368,REPRODUZINDO,29854,QUIET,4140,24420096,4
3.194998149003368,REPRODUZINDO,29855,QUIET,3396,24420352,4
3.194998149003368,REPRODUZINDO,29856,QUIET,2954,24420608,4
3.2555339860045933,REPRODUZINDO,29857,QUIET,2430,24420864,4
3.2555339860045933,REPRODUZINDO,29858,QUIET,3652,24421120,4
3.2555339860045933,REPRODUZINDO,29859,QUIET,3942,24421376,4
3.2555339860045933,REPRODUZINDO,29860,QUIET,4949,24421632,4
3.2779251470055897,REPRODUZINDO,29861,QUIET,9365,24421888,4
3.2779251470055897,REPRODUZINDO,29862,QUIET,12746,24422144,4
3.2779251470055897,REPRODUZINDO,29863,QUIET,12581,24422400,4
3.2779251470055897,REPRODUZINDO,29864,QUIET,9609,24422656,4
3.2779251470055897,REPRODUZINDO,29865,QUIET,9427,24422912,4
3.2779251470055897,REPRODUZINDO,29866,QUIET,8038,24423168,4
3.2779251470055897,REPRODUZINDO,29867,QUIET,6394,24423424,4
3.3191205420007464,REPRODUZINDO,29868,QUIET,7854,24423680,4
3.3191205420007464,REPRODUZINDO,29869,QUIET,8437,24423936,4
3.3191205420007464,REPRODUZINDO,29870,QUIET,8395,24424192,4
3.3191205420007464,REPRODUZINDO,29871,QUIET,5714,24424448,4
3.3415228700032458,REPRODUZINDO,29872,QUIET,4338,24424704,4
3.3415228700032458,REPRODUZINDO,29873,QUIET,4458,24424960,4
3.3415228700032458,REPRODUZINDO,29874,QUIET,5228,24425216,4
3.3637973490040167,REPRODUZINDO,29875,QUIET,4191,24425472,4
3.3637973490040167,REPRODUZINDO,29876,QUIET,2079,24425728,4
3.3637973490040167,REPRODUZINDO,29877,QUIET,1948,24425984,4
3.3637973490040167,REPRODUZINDO,29878,QUIET,1900,24426240,4
3.3637973490040167,REPRODUZINDO,29879,QUIET,1327,24426496,4
3.3637973490040167,REPRODUZINDO,29880,QUIET,2168,24426752,4
3.3637973490040167,REPRODUZINDO,29881,QUIET,1696,24427008,4
3.3637973490040167,REPRODUZINDO,29882,QUIET,1857,24427264,4
3.3637973490040167,REPRODUZINDO,29883,QUIET,1683,24427520,4
3.3637973490040167,REPRODUZINDO,29884,QUIET,6292,24427776,4
3.3637973490040167,REPRODUZINDO,29885,QUIET,15338,24428032,4
3.3637973490040167,REPRODUZINDO,29886,QUIET,19018,24428288,4
3.3637973490040167,REPRODUZINDO,29887,QUIET,19188,24428544,4
3.3637973490040167,REPRODUZINDO,29888,QUIET,19623,24428800,4
3.3637973490040167,REPRODUZINDO,29889,QUIET,20060,24429056,4
3.3637973490040167,REPRODUZINDO,29890,QUIET,17781,24429312,4
3.3637973490040167,REPRODUZINDO,29891,QUIET,13911,24429568,4
3.3637973490040167,REPRODUZINDO,29892,QUIET,10099,24429824,4
3.3637973490040167,REPRODUZINDO,29893,QUIET,6317,24430080,4
3.3637973490040167,REPRODUZINDO,29894,QUIET,6579,24430336,4
3.3637973490040167,REPRODUZINDO,29895,QUIET,3836,24430592,4
3.4897863250007504,REPRODUZINDO,29896,QUIET,3804,24430848,4
3.4897863250007504,REPRODUZINDO,29897,QUIET,1606,24431104,4
3.4897863250007504,REPRODUZINDO,29898,QUIET,2501,24431360,4
3.4897863250007504,REPRODUZINDO,29899,QUIET,7052,24431616,4
3.4897863250007504,REPRODUZINDO,29900,QUIET,14008,24431872,4
3.4897863250007504,REPRODUZINDO,29901,QUIET,16692,24432128,4
3.4897863250007504,REPRODUZINDO,29902,QUIET,15730,24432384,4
3.4897863250007504,REPRODUZINDO,29903,QUIET,13323,24432640,4
3.4897863250007504,REPRODUZINDO,29904,QUIET,13017,24432896,4
3.4897863250007504,REPRODUZINDO,29905,QUIET,11082,24433152,4
3.4897863250007504,REPRODUZINDO,29906,QUIET,9923,24433408,4
3.4897863250007504,REPRODUZINDO,29907,QUIET,9478,24433664,4
3.4897863250007504,REPRODUZINDO,29908,QUIET,7619,24433920,4
3.56549011500465,REPRODUZINDO,29909,QUIET,4211,24434176,4
3.56549011500465,REPRODUZINDO,29910,QUIET,5869,24434432,4
3.56549011500465,REPRODUZINDO,29911,QUIET,3825,24434688,4
3.5878175380057655,REPRODUZINDO,29912,QUIET,3153,24434944,4
3.5878175380057655,REPRODUZINDO,29913,QUIET,2042,24435200,4
3.5878175380057655,REPRODUZINDO,29914,QUIET,3308,24435456,4
3.5878175380057655,REPRODUZINDO,29915,QUIET,2433,24435712,4
3.5878175380057655,REPRODUZINDO,29916,QUIET,1368,24435968,4
3.5878175380057655,REPRODUZINDO,29917,QUIET,2220,24436224,4
3.5878175380057655,REPRODUZINDO,29918,QUIET,1335,24436480,4
3.6293785160014522,REPRODUZINDO,29919,QUIET,5030,24436736,4
3.6293785160014522,REPRODUZINDO,29920,QUIET,12818,24436992,4
3.6293785160014522,REPRODUZINDO,29921,QUIET,15770,24437248,4
3.6293785160014522,REPRODUZINDO,29922,QUIET,16556,24437504,4
3.651764122005261,REPRODUZINDO,29923,QUIET,15797,24437760,4
3.651764122005261,REPRODUZINDO,29924,QUIET,13871,24438016,4
3.651764122005261,REPRODUZINDO,29925,QUIET,12602,24438272,4
3.651764122005261,REPRODUZINDO,29926,QUIET,10555,24438528,4
3.674154284002725,REPRODUZINDO,29927,QUIET,10030,24438784,4
3.674154284002725,REPRODUZINDO,29928,QUIET,8965,24439040,4
3.674154284002725,REPRODUZINDO,29929,QUIET,8116,24439296,4
3.674154284002725,REPRODUZINDO,29930,QUIET,7260,24439552,4
3.674154284002725,REPRODUZINDO,29931,QUIET,6099,24439808,4
3.674154284002725,REPRODUZINDO,29932,QUIET,4959,24440064,4
3.7140127300008317,REPRODUZINDO,29933,QUIET,2484,24440320,4
3.7140127300008317,REPRODUZINDO,29934,QUIET,1799,24440576,4
3.7140127300008317,REPRODUZINDO,29935,QUIET,2430,24440832,4
3.7140127300008317,REPRODUZINDO,29936,QUIET,5125,24441088,4
3.7364192250024644,REPRODUZINDO,29937,QUIET,9452,24441344,4
3.7364192250024644,REPRODUZINDO,29938,QUIET,13595,24441600,4
3.7364192250024644,REPRODUZINDO,29939,QUIET,16977,24441856,4
3.7587607950044912,REPRODUZINDO,29940,QUIET,13754,24442112,4
3.7587607950044912,REPRODUZINDO,29941,QUIET,10786,24442368,4
3.7587607950044912,REPRODUZINDO,29942,QUIET,9974,24442624,4
3.7587607950044912,REPRODUZINDO,29943,QUIET,10051,24442880,4
3.7587607950044912,REPRODUZINDO,29944,QUIET,9714,24443136,4
3.7587607950044912,REPRODUZINDO,29945,QUIET,8812,24443392,4
3.7942083710004226,REPRODUZINDO,29946,QUIET,7066,24443648,4
3.7942083710004226,REPRODUZINDO,29947,QUIET,5243,24443904,4
3.7942083710004226,REPRODUZINDO,29948,QUIET,4622,24444160,4
3.7942083710004226,REPRODUZINDO,29949,QUIET,4015,24444416,4
3.816618828001083,REPRODUZINDO,29950,QUIET,3836,24444672,4
3.816618828001083,REPRODUZINDO,29951,QUIET,2995,24444928,4
3.816618828001083,REPRODUZINDO,29952,QUIET,2293,24445184,4
3.816618828001083,REPRODUZINDO,29953,QUIET,2192,24445440,4
3.839004138004384,REPRODUZINDO,29954,QUIET,1889,24445696,4
3.839004138004384,REPRODUZINDO,29955,QUIET,3048,24445952,4
3.839004138004384,REPRODUZINDO,29956,QUIET,1739,24446208,4
3.839004138004384,REPRODUZINDO,29957,QUIET,1217,24446464,4
3.839004138004384,REPRODUZINDO,29958,QUIET,1751,24446720,4
3.839004138004384,REPRODUZINDO,29959,QUIET,2574,24446976,4
3.839004138004384,REPRODUZINDO,29960,QUIET,5588,24447232,4
3.839004138004384,REPRODUZINDO,29961,QUIET,14635,24447488,4
3.888181740003347,REPRODUZINDO,29962,QUIET,18020,24447744,4
3.888181740003347,REPRODUZINDO,29963,QUIET,19935,24448000,4
3.888181740003347,REPRODUZINDO,29964,QUIET,21405,24448256,4
3.9104469980011345,REPRODUZINDO,29965,QUIET,18962,24448512,4
3.9104469980011345,REPRODUZINDO,29966,QUIET,14948,24448768,4
3.9104469980011345,REPRODUZINDO,29967,QUIET,11573,24449024,4
3.9104469980011345,REPRODUZINDO,29968,QUIET,6879,24449280,4
3.932852770005411,REPRODUZINDO,29969,QUIET,5965,24449536,4
3.932852770005411,REPRODUZINDO,29970,QUIET,5158,24449792,4
3.932852770005411,REPRODUZINDO,29971,QUIET,5197,24450048,4
3.932852770005411,REPRODUZINDO,29972,QUIET,1340,24450304,4
3.932852770005411,REPRODUZINDO,29973,QUIET,1369,24450560,4
3.932852770005411,REPRODUZINDO,29974,QUIET,2077,24450816,4
3.932852770005411,REPRODUZINDO,29975,QUIET,5256,24451072,4
3.932852770005411,REPRODUZINDO,29976,QUIET,10603,24451328,4
3.932852770005411,REPRODUZINDO,29977,QUIET,14556,24451584,4
3.932852770005411,REPRODUZINDO,29978,QUIET,14231,24451840,4
3.99001272800524,REPRODUZINDO,29979,QUIET,12895,24452096,4
3.99001272800524,REPRODUZINDO,29980,QUIET,12012,24452352,4
3.99001272800524,REPRODUZINDO,29981,QUIET,11747,24452608,4
4.012353965001239,REPRODUZINDO,29982,QUIET,10061,24452864,4
4.012353965001239,REPRODUZINDO,29983,QUIET,9714,24453120,4
4.012353965001239,REPRODUZINDO,29984,QUIET,9498,24453376,4
4.012353965001239,REPRODUZINDO,29985,QUIET,6361,24453632,4
4.034741423005471,REPRODUZINDO,29986,QUIET,5752,24453888,4
4.034741423005471,REPRODUZINDO,29987,QUIET,6907,24454144,4
4.034741423005471,REPRODUZINDO,29988,QUIET,5488,24454400,4
4.034741423005471,REPRODUZINDO,29989,QUIET,4342,24454656,4
4.034741423005471,REPRODUZINDO,29990,QUIET,4641,24454912,4
4.034741423005471,REPRODUZINDO,29991,QUIET,4984,24455168,4
4.034741423005471,REPRODUZINDO,29992,QUIET,2416,24455424,4
4.034741423005471,REPRODUZINDO,29993,QUIET,1975,24455680,4
4.034741423005471,REPRODUZINDO,29994,QUIET,1690,24455936,4
4.034741423005471,REPRODUZINDO,29995,QUIET,1029,24456192,4
4.0944321880015195,REPRODUZINDO,29996,QUIET,1605,24456448,4
4.0944321880015195,REPRODUZINDO,29997,QUIET,5513,24456704,4
4.0944321880015195,REPRODUZINDO,29998,QUIET,12784,24456960,4
4.116765074002615,REPRODUZINDO,29999,QUIET,18333,24457216,4
4.116765074002615,REPRODUZINDO,30000,QUIET,21982,24457472,4
4.116765074002615,REPRODUZINDO,30001,QUIET,23005,24457728,4
4.116765074002615,REPRODUZINDO,30002,QUIET,21805,24457984,4
4.116765074002615,REPRODUZINDO,30003,QUIET,18018,24458240,4
4.116765074002615,REPRODUZINDO,30004,QUIET,13883,24458496,4
4.116765074002615,REPRODUZINDO,30005,QUIET,10419,24458752,4
4.116765074002615,REPRODUZINDO,30006,QUIET,6944,24459008,4
4.116765074002615,REPRODUZINDO,30007,QUIET,5846,24459264,4
4.17092982900067,REPRODUZINDO,30008,QUIET,5971,24459520,4
4.17092982900067,REPRODUZINDO,30009,QUIET,5372,24459776,4
4.17092982900067,REPRODUZINDO,30010,QUIET,4713,24460032,4
4.17092982900067,REPRODUZINDO,30011,QUIET,2964,24460288,4
4.1933204350061715,REPRODUZINDO,30012,QUIET,1907,24460544,4
4.1933204350061715,REPRODUZINDO,30013,QUIET,2801,24460800,4
4.1933204350061715,REPRODUZINDO,30014,QUIET,4920,24461056,4
4.1933204350061715,REPRODUZINDO,30015,QUIET,6901,24461312,4
4.215767984002014,REPRODUZINDO,30016,QUIET,11000,24461568,4
4.215767984002014,REPRODUZINDO,30017,QUIET,12569,24461824,4
4.215767984002014,REPRODUZINDO,30018,QUIET,13118,24462080,4
4.215767984002014,REPRODUZINDO,30019,QUIET,11946,24462336,4
4.215767984002014,REPRODUZINDO,30020,QUIET,12234,24462592,4
4.215767984002014,REPRODUZINDO,30021,QUIET,11275,24462848,4
4.215767984002014,REPRODUZINDO,30022,QUIET,8278,24463104,4
4.215767984002014,REPRODUZINDO,30023,QUIET,7118,24463360,4
4.215767984002014,REPRODUZINDO,30024,QUIET,6862,24463616,4
4.215767984002014,REPRODUZINDO,30025,QUIET,5691,24463872,4
4.276706403004937,REPRODUZINDO,30026,QUIET,4613,24464128,4
4.276706403004937,REPRODUZINDO,30027,QUIET,3597,24464384,4
4.276706403004937,REPRODUZINDO,30028,QUIET,4886,24464640,4
4.276706403004937,REPRODUZINDO,30029,QUIET,3994,24464896,4
4.299054529001296,REPRODUZINDO,30030,QUIET,3236,24465152,4
4.299054529001296,REPRODUZINDO,30031,QUIET,2315,24465408,4
4.299054529001296,REPRODUZINDO,30032,QUIET,2228,24465664,4
4.299054529001296,REPRODUZINDO,30033,QUIET,1584,24465920,4
4.299054529001296,REPRODUZINDO,30034,QUIET,1028,24466176,4
4.299054529001296,REPRODUZINDO,30035,QUIET,807,24466432,4
4.299054529001296,REPRODUZINDO,30036,QUIET,1616,24466688,4
4.347333375000744,REPRODUZINDO,30037,QUIET,6850,24466944,4
4.347333375000744,REPRODUZINDO,30038,QUIET,14236,24467200,4
4.347333375000744,REPRODUZINDO,30039,QUIET,17084,24467456,4
4.347333375000744,REPRODUZINDO,30040,QUIET,19058,24467712,4
4.369724778000091,REPRODUZINDO,30041,QUIET,20617,24467968,4
4.369724778000091,REPRODUZINDO,30042,QUIET,19534,24468224,4
4.369724778000091,REPRODUZINDO,30043,QUIET,16006,24468480,4
4.369724778000091,REPRODUZINDO,30044,QUIET,13550,24468736,4
4.392126643004303,REPRODUZINDO,30045,QUIET,11575,24468992,4
4.392126643004303,REPRODUZINDO,30046,QUIET,6270,24469248,4
4.392126643004303,REPRODUZINDO,30047,QUIET,3139,24469504,4
4.392126643004303,REPRODUZINDO,30048,QUIET,3389,24469760,4
4.392126643004303,REPRODUZINDO,30049,QUIET,1703,24470016,4
4.392126643004303,REPRODUZINDO,30050,QUIET,2273,24470272,4
4.392126643004303,REPRODUZINDO,30051,QUIET,4075,24470528,4
4.392126643004303,REPRODUZINDO,30052,QUIET,4907,24470784,4
4.392126643004303,REPRODUZINDO,30053,QUIET,5459,24471040,4
4.392126643004303,REPRODUZINDO,30054,QUIET,10173,24471296,4
4.392126643004303,REPRODUZINDO,30055,QUIET,16345,24471552,4
4.392126643004303,REPRODUZINDO,30056,QUIET,16932,24471808,4
4.392126643004303,REPRODUZINDO,30057,QUIET,16097,24472064,4
4.392126643004303,REPRODUZINDO,30058,QUIET,12959,24472320,4
4.392126643004303,REPRODUZINDO,30059,QUIET,11342,24472576,4
4.392126643004303,REPRODUZINDO,30060,QUIET,12081,24472832,4
4.392126643004303,REPRODUZINDO,30061,QUIET,9394,24473088,4
4.392126643004303,REPRODUZINDO,30062,QUIET,8746,24473344,4
4.392126643004303,REPRODUZINDO,30063,QUIET,8149,24473600,4
4.5085390620006365,REPRODUZINDO,30064,QUIET,8653,24473856,4
4.5085390620006365,REPRODUZINDO,30065,QUIET,8480,24474112,4
4.5085390620006365,REPRODUZINDO,30066,QUIET,7787,24474368,4
4.5085390620006365,REPRODUZINDO,30067,QUIET,7250,24474624,4
4.5085390620006365,REPRODUZINDO,30068,QUIET,6209,24474880,4
4.5085390620006365,REPRODUZINDO,30069,QUIET,4812,24475136,4
4.5085390620006365,REPRODUZINDO,30070,QUIET,3169,24475392,4
4.5085390620006365,REPRODUZINDO,30071,QUIET,2903,24475648,4
4.5085390620006365,REPRODUZINDO,30072,QUIET,2757,24475904,4
4.563412003000849,REPRODUZINDO,30073,QUIET,1133,24476160,4
4.563412003000849,REPRODUZINDO,30074,QUIET,1438,24476416,4
4.563412003000849,REPRODUZINDO,30075,QUIET,2633,24476672,4
4.563412003000849,REPRODUZINDO,30076,QUIET,3181,24476928,4
4.585815757003729,REPRODUZINDO,30077,QUIET,2186,24477184,4
4.585815757003729,REPRODUZINDO,30078,QUIET,1159,24477440,4
4.585815757003729,REPRODUZINDO,30079,QUIET,1124,24477696,4
4.60815458700381,REPRODUZINDO,30080,QUIET,1329,24477952,4
4.60815458700381,REPRODUZINDO,30081,QUIET,1408,24478208,4
4.60815458700381,REPRODUZINDO,30082,QUIET,2053,24478464,4
4.60815458700381,REPRODUZINDO,30083,QUIET,2271,24478720,4
4.60815458700381,REPRODUZINDO,30084,QUIET,977,24478976,4
4.60815458700381,REPRODUZINDO,30085,QUIET,2261,24479232,4
4.60815458700381,REPRODUZINDO,30086,QUIET,2695,24479488,4
4.648160937002103,REPRODUZINDO,30087,QUIET,2992,24479744,4
4.648160937002103,REPRODUZINDO,30088,QUIET,3402,24480000,4
4.648160937002103,REPRODUZINDO,30089,QUIET,3140,24480256,4
4.648160937002103,REPRODUZINDO,30090,QUIET,4120,24480512,4
4.670557321005617,REPRODUZINDO,30091,QUIET,2348,24480768,4
4.670557321005617,REPRODUZINDO,30092,QUIET,2674,24481024,4
4.670557321005617,REPRODUZINDO,30093,QUIET,2283,24481280,4
4.692908390999946,REPRODUZINDO,30094,QUIET,2571,24481536,4
4.692908390999946,REPRODUZINDO,30095,QUIET,2434,24481792,4
4.692908390999946,REPRODUZINDO,30096,QUIET,983,24482048,4
4.692908390999946,REPRODUZINDO,30097,QUIET,1898,24482304,4
4.692908390999946,REPRODUZINDO,30098,QUIET,1936,24482560,4
4.692908390999946,REPRODUZINDO,30099,QUIET,1462,24482816,4
4.692908390999946,REPRODUZINDO,30100,QUIET,2297,24483072,4
4.692908390999946,REPRODUZINDO,30101,QUIET,1212,24483328,4
4.692908390999946,REPRODUZINDO,30102,QUIET,2154,24483584,4
4.692908390999946,REPRODUZINDO,30103,QUIET,930,24483840,4
4.692908390999946,REPRODUZINDO,30104,QUIET,1027,24484096,4
4.692908390999946,REPRODUZINDO,30105,QUIET,1182,24484352,4
4.692908390999946,REPRODUZINDO,30106,QUIET,1521,24484608,4
4.76840768600232,REPRODUZINDO,30107,QUIET,1425,24484864,4
4.76840768600232,REPRODUZINDO,30108,QUIET,1104,24485120,4
4.76840768600232,REPRODUZINDO,30109,QUIET,1140,24485376,4
4.76840768600232,REPRODUZINDO,30110,QUIET,847,24485632,4
4.791253632000007,REPRODUZINDO,30111,QUIET,2579,24485888,4
4.791253632000007,REPRODUZINDO,30112,QUIET,3518,24486144,4
4.791253632000007,REPRODUZINDO,30113,QUIET,1249,24486400,4
4.791253632000007,REPRODUZINDO,30114,QUIET,1144,24486656,4
4.791253632000007,REPRODUZINDO,30115,QUIET,910,24486912,4
4.791253632000007,REPRODUZINDO,30116,QUIET,1018,24487168,4
4.833778086001985,REPRODUZINDO,30117,QUIET,1023,24487424,4
4.833778086001985,REPRODUZINDO,30118,QUIET,987,24487680,4
4.833778086001985,REPRODUZINDO,30119,QUIET,1271,24487936,4
4.833778086001985,REPRODUZINDO,30120,QUIET,3427,24488192,4
4.856614570002421,REPRODUZINDO,30121,QUIET,4411,24488448,4
4.856614570002421,REPRODUZINDO,30122,QUIET,4951,24488704,4
4.856614570002421,REPRODUZINDO,30123,QUIET,5150,24488960,4
4.856614570002421,REPRODUZINDO,30124,QUIET,3319,24489216,4
4.879387000000861,REPRODUZINDO,30125,QUIET,5667,24489472,4
4.879387000000861,REPRODUZINDO,30126,QUIET,5423,24489728,4
4.879387000000861,REPRODUZINDO,30127,QUIET,1879,24489984,4
4.879387000000861,REPRODUZINDO,30128,QUIET,1664,24490240,4
4.879387000000861,REPRODUZINDO,30129,QUIET,1075,24490496,4
4.879387000000861,REPRODUZINDO,30130,QUIET,1154,24490752,4
4.879387000000861,REPRODUZINDO,30131,QUIET,2889,24491008,4
4.921874529005436,REPRODUZINDO,30132,QUIET,2811,24491264,4
4.921874529005436,REPRODUZINDO,30133,QUIET,2928,24491520,4
4.921874529005436,REPRODUZINDO,30134,QUIET,3381,24491776,4
4.921874529005436,REPRODUZINDO,30135,QUIET,1108,24492032,4
4.944627867000236,REPRODUZINDO,30136,QUIET,1193,24492288,4
4.944627867000236,REPRODUZINDO,30137,QUIET,2399,24492544,4
4.944627867000236,REPRODUZINDO,30138,QUIET,967,24492800,4
4.944627867000236,REPRODUZINDO,30139,QUIET,1124,24493056,4
4.967433722005808,REPRODUZINDO,30140,QUIET,3730,24493312,4
4.967433722005808,REPRODUZINDO,30141,QUIET,4797,24493568,4
4.967433722005808,REPRODUZINDO,30142,QUIET,4289,24493824,4
4.967433722005808,REPRODUZINDO,30143,QUIET,2514,24494080,4
4.967433722005808,REPRODUZINDO,30144,QUIET,2987,24494336,4
4.967433722005808,REPRODUZINDO,30145,QUIET,2147,24494592,4
4.967433722005808,REPRODUZINDO,30146,QUIET,2115,24494848,4
4.967433722005808,REPRODUZINDO,30147,QUIET,1123,24495104,4
5.016370645003917,REPRODUZINDO,30148,QUIET,1170,24495360,4
5.016370645003917,REPRODUZINDO,30149,QUIET,2881,24495616,4
5.016370645003917,REPRODUZINDO,30150,QUIET,2916,24495872,4
5.039073261999874,REPRODUZINDO,30151,QUIET,3652,24496128,4
5.039073261999874,REPRODUZINDO,30152,QUIET,3459,24496384,4
5.039073261999874,REPRODUZINDO,30153,QUIET,1666,24496640,4
5.039073261999874,REPRODUZINDO,30154,QUIET,1469,24496896,4
5.061944189001224,REPRODUZINDO,30155,QUIET,1815,24497152,4
5.061944189001224,REPRODUZINDO,30156,QUIET,1564,24497408,4
5.061944189001224,REPRODUZINDO,30157,QUIET,1419,24497664,4
5.061944189001224,REPRODUZINDO,30158,QUIET,1073,24497920,4
5.061944189001224,REPRODUZINDO,30159,QUIET,1056,24498176,4
5.061944189001224,REPRODUZINDO,30160,QUIET,1551,24498432,4
5.061944189001224,REPRODUZINDO,30161,QUIET,1982,24498688,4
5.061944189001224,REPRODUZINDO,30162,QUIET,2316,24498944,4
5.061944189001224,REPRODUZINDO,30163,QUIET,3360,24499200,4
5.061944189001224,REPRODUZINDO,30164,QUIET,3216,24499456,4
5.061944189001224,REPRODUZINDO,30165,QUIET,5261,24499712,4
5.126762233005138,REPRODUZINDO,30166,QUIET,12278,24499968,4
5.126762233005138,REPRODUZINDO,30167,QUIET,16565,24500224,4
5.126762233005138,REPRODUZINDO,30168,QUIET,16981,24500480,4
5.126762233005138,REPRODUZINDO,30169,QUIET,13878,24500736,4
5.149525867003831,REPRODUZINDO,30170,QUIET,11560,24500992,4
5.149525867003831,REPRODUZINDO,30171,QUIET,8965,24501248,4
5.149525867003831,REPRODUZINDO,30172,QUIET,7387,24501504,4
5.149525867003831,REPRODUZINDO,30173,QUIET,4658,24501760,4
5.149525867003831,REPRODUZINDO,30174,QUIET,1661,24502016,4
5.149525867003831,REPRODUZINDO,30175,QUIET,6168,24502272,4
5.1907589090042165,REPRODUZINDO,30176,QUIET,10938,24502528,4
5.1907589090042165,REPRODUZINDO,30177,QUIET,12031,24502784,4
5.1907589090042165,REPRODUZINDO,30178,QUIET,10242,24503040,4
5.1907589090042165,REPRODUZINDO,30179,QUIET,12030,24503296,4
5.2136817980062915,REPRODUZINDO,30180,QUIET,12431,24503552,4
5.2136817980062915,REPRODUZINDO,30181,QUIET,9429,24503808,4
5.2136817980062915,REPRODUZINDO,30182,QUIET,8720,24504064,4
5.2136817980062915,REPRODUZINDO,30183,QUIET,9575,24504320,4
5.236609778999991,REPRODUZINDO,30184,QUIET,9108,24504576,4
5.236609778999991,REPRODUZINDO,30185,QUIET,6166,24504832,4
5.236609778999991,REPRODUZINDO,30186,QUIET,5050,24505088,4
5.236609778999991,REPRODUZINDO,30187,QUIET,6102,24505344,4
5.236609778999991,REPRODUZINDO,30188,QUIET,6057,24505600,4
5.236609778999991,REPRODUZINDO,30189,QUIET,4478,24505856,4
5.236609778999991,REPRODUZINDO,30190,QUIET,4259,24506112,4
5.281688965005742,REPRODUZINDO,30191,QUIET,2962,24506368,4
5.281688965005742,REPRODUZINDO,30192,QUIET,3524,24506624,4
5.281688965005742,REPRODUZINDO,30193,QUIET,3725,24506880,4
5.281688965005742,REPRODUZINDO,30194,QUIET,2505,24507136,4
5.304496820004715,REPRODUZINDO,30195,QUIET,1822,24507392,4
5.304496820004715,REPRODUZINDO,30196,QUIET,2595,24507648,4
5.304496820004715,REPRODUZINDO,30197,QUIET,2373,24507904,4
5.304496820004715,REPRODUZINDO,30198,QUIET,2125,24508160,4
5.327234029005922,REPRODUZINDO,30199,QUIET,1545,24508416,4
5.327234029005922,REPRODUZINDO,30200,QUIET,1600,24508672,4
5.327234029005922,REPRODUZINDO,30201,QUIET,1586,24508928,4
5.327234029005922,REPRODUZINDO,30202,QUIET,2624,24509184,4
5.327234029005922,REPRODUZINDO,30203,QUIET,2463,24509440,4
5.327234029005922,REPRODUZINDO,30204,QUIET,3270,24509696,4
5.327234029005922,REPRODUZINDO,30205,QUIET,2396,24509952,4
5.327234029005922,REPRODUZINDO,30206,QUIET,1375,24510208,4
5.327234029005922,REPRODUZINDO,30207,QUIET,1544,24510464,4
5.327234029005922,REPRODUZINDO,30208,QUIET,3647,24510720,4
5.327234029005922,REPRODUZINDO,30209,QUIET,4092,24510976,4
5.327234029005922,REPRODUZINDO,30210,QUIET,1534,24511232,4
5.327234029005922,REPRODUZINDO,30211,QUIET,1114,24511488,4
5.327234029005922,REPRODUZINDO,30212,QUIET,2028,24511744,4
5.327234029005922,REPRODUZINDO,30213,QUIET,2579,24512000,4
5.327234029005922,REPRODUZINDO,30214,QUIET,1413,24512256,4
5.327234029005922,REPRODUZINDO,30215,QUIET,1660,24512512,4
5.434683209001378,REPRODUZINDO,30216,QUIET,1770,24512768,4
5.434683209001378,REPRODUZINDO,30217,QUIET,3336,24513024,4
5.434683209001378,REPRODUZINDO,30218,QUIET,5463,24513280,4
5.434683209001378,REPRODUZINDO,30219,QUIET,6649,24513536,4
5.434683209001378,REPRODUZINDO,30220,QUIET,4447,24513792,4
5.434683209001378,REPRODUZINDO,30221,QUIET,3752,24514048,4
5.434683209001378,REPRODUZINDO,30222,QUIET,3636,24514304,4
5.434683209001378,REPRODUZINDO,30223,QUIET,5345,24514560,4
5.477392120999866,REPRODUZINDO,30224,QUIET,4905,24514816,4
5.477392120999866,REPRODUZINDO,30225,QUIET,4522,24515072,4
5.477392120999866,REPRODUZINDO,30226,QUIET,3507,24515328,4
5.50011459000234,REPRODUZINDO,30227,QUIET,1986,24515584,4
5.50011459000234,REPRODUZINDO,30228,QUIET,1992,24515840,4
5.50011459000234,REPRODUZINDO,30229,QUIET,1482,24516096,4
5.50011459000234,REPRODUZINDO,30230,QUIET,1500,24516352,4
5.522946851000597,REPRODUZINDO,30231,QUIET,3427,24516608,4
5.522946851000597,REPRODUZINDO,30232,QUIET,3087,24516864,4
5.522946851000597,REPRODUZINDO,30233,QUIET,3592,24517120,4
5.522946851000597,REPRODUZINDO,30234,QUIET,3557,24517376,4
5.522946851000597,REPRODUZINDO,30235,QUIET,2649,24517632,4
5.522946851000597,REPRODUZINDO,30236,QUIET,1455,24517888,4
5.522946851000597,REPRODUZINDO,30237,QUIET,1637,24518144,4
5.522946851000597,REPRODUZINDO,30238,QUIET,2026,24518400,4
5.522946851000597,REPRODUZINDO,30239,QUIET,1170,24518656,4
5.522946851000597,REPRODUZINDO,30240,QUIET,2691,24518912,4
5.522946851000597,REPRODUZINDO,30241,QUIET,3096,24519168,4
5.522946851000597,REPRODUZINDO,30242,QUIET,2231,24519424,4
5.522946851000597,REPRODUZINDO,30243,QUIET,1953,24519680,4
5.522946851000597,REPRODUZINDO,30244,QUIET,1245,24519936,4
5.522946851000597,REPRODUZINDO,30245,QUIET,1123,24520192,4
5.522946851000597,REPRODUZINDO,30246,QUIET,2099,24520448,4
5.522946851000597,REPRODUZINDO,30247,QUIET,6229,24520704,4
5.522946851000597,REPRODUZINDO,30248,QUIET,13207,24520960,4
5.522946851000597,REPRODUZINDO,30249,QUIET,18583,24521216,4
5.522946851000597,REPRODUZINDO,30250,QUIET,20580,24521472,4
5.522946851000597,REPRODUZINDO,30251,QUIET,17928,24521728,4
5.522946851000597,REPRODUZINDO,30252,QUIET,15289,24521984,4
5.660831399000017,REPRODUZINDO,30253,QUIET,12326,24522240,4
5.660831399000017,REPRODUZINDO,30254,QUIET,11808,24522496,4
5.660831399000017,REPRODUZINDO,30255,QUIET,11321,24522752,4
5.660831399000017,REPRODUZINDO,30256,QUIET,10868,24523008,4
5.660831399000017,REPRODUZINDO,30257,QUIET,9322,24523264,4
5.660831399000017,REPRODUZINDO,30258,QUIET,6024,24523520,4
5.660831399000017,REPRODUZINDO,30259,QUIET,3313,24523776,4
5.660831399000017,REPRODUZINDO,30260,QUIET,1852,24524032,4
5.705139309000515,REPRODUZINDO,30261,QUIET,10304,24524288,4
5.705139309000515,REPRODUZINDO,30262,QUIET,13289,24524544,4
5.705139309000515,REPRODUZINDO,30263,QUIET,12405,24524800,4
5.705139309000515,REPRODUZINDO,30264,QUIET,11785,24525056,4
5.7280993630047305,REPRODUZINDO,30265,QUIET,11105,24525312,4
5.7280993630047305,REPRODUZINDO,30266,QUIET,10726,24525568,4
5.7280993630047305,REPRODUZINDO,30267,QUIET,9398,24525824,4
5.7280993630047305,REPRODUZINDO,30268,QUIET,8810,24526080,4
5.7509713460021885,REPRODUZINDO,30269,QUIET,8401,24526336,4
5.7509713460021885,REPRODUZINDO,30270,QUIET,8148,24526592,4
5.7509713460021885,REPRODUZINDO,30271,QUIET,6029,24526848,4
5.7509713460021885,REPRODUZINDO,30272,QUIET,6294,24527104,4
5.7509713460021885,REPRODUZINDO,30273,QUIET,5440,24527360,4
5.7509713460021885,REPRODUZINDO,30274,QUIET,4086,24527616,4
5.787154885001655,REPRODUZINDO,30275,QUIET,3356,24527872,4
5.787154885001655,REPRODUZINDO,30276,QUIET,4042,24528128,4
5.787154885001655,REPRODUZINDO,30277,QUIET,3836,24528384,4
5.809819725000125,REPRODUZINDO,30278,QUIET,3419,24528640,4
5.809819725000125,REPRODUZINDO,30279,QUIET,4857,24528896,4
5.809819725000125,REPRODUZINDO,30280,QUIET,4024,24529152,4
5.809819725000125,REPRODUZINDO,30281,QUIET,2222,24529408,4
5.8326300980043015,REPRODUZINDO,30282,QUIET,2611,24529664,4
5.8326300980043015,REPRODUZINDO,30283,QUIET,2713,24529920,4
5.8326300980043015,REPRODUZINDO,30284,QUIET,2169,24530176,4
5.8326300980043015,REPRODUZINDO,30285,QUIET,1445,24530432,4
5.8326300980043015,REPRODUZINDO,30286,QUIET,1876,24530688,4
5.8326300980043015,REPRODUZINDO,30287,QUIET,984,24530944,4
5.8326300980043015,REPRODUZINDO,30288,QUIET,1714,24531200,4
5.8326300980043015,REPRODUZINDO,30289,QUIET,1185,24531456,4
5.8326300980043015,REPRODUZINDO,30290,QUIET,2068,24531712,4
5.8326300980043015,REPRODUZINDO,30291,QUIET,1419,24531968,4
5.8326300980043015,REPRODUZINDO,30292,QUIET,1029,24532224,4
5.8326300980043015,REPRODUZINDO,30293,QUIET,2343,24532480,4
5.8326300980043015,REPRODUZINDO,30294,QUIET,3191,24532736,4
5.8326300980043015,REPRODUZINDO,30295,QUIET,3205,24532992,4
5.8326300980043015,REPRODUZINDO,30296,QUIET,4345,24533248,4
5.8326300980043015,REPRODUZINDO,30297,QUIET,3175,24533504,4
5.8326300980043015,REPRODUZINDO,30298,QUIET,2068,24533760,4
5.8326300980043015,REPRODUZINDO,30299,QUIET,1680,24534016,4
5.9429277810049825,REPRODUZINDO,30300,QUIET,1889,24534272,4
5.9429277810049825,REPRODUZINDO,30301,QUIET,2950,24534528,4
5.9429277810049825,REPRODUZINDO,30302,QUIET,3195,24534784,4
5.9429277810049825,REPRODUZINDO,30303,QUIET,2470,24535040,4
5.9429277810049825,REPRODUZINDO,30304,QUIET,1948,24535296,4
5.9429277810049825,REPRODUZINDO,30305,QUIET,3769,24535552,4
5.9429277810049825,REPRODUZINDO,30306,QUIET,1465,24535808,4
5.980909886005975,REPRODUZINDO,30307,QUIET,1048,24536064,4
5.980909886005975,REPRODUZINDO,30308,QUIET,1025,24536320,4
5.980909886005975,REPRODUZINDO,30309,QUIET,1149,24536576,4
6.003533264003636,REPRODUZINDO,30310,QUIET,1051,24536832,4
6.003533264003636,REPRODUZINDO,30311,QUIET,1322,24537088,4
6.003533264003636,REPRODUZINDO,30312,QUIET,2082,24537344,4
6.003533264003636,REPRODUZINDO,30313,QUIET,2347,24537600,4
6.026384747005068,REPRODUZINDO,30314,QUIET,1249,24537856,4
6.026384747005068,REPRODUZINDO,30315,QUIET,2404,24538112,4
6.026384747005068,REPRODUZINDO,30316,QUIET,1955,24538368,4
6.026384747005068,REPRODUZINDO,30317,QUIET,1490,24538624,4
6.026384747005068,REPRODUZINDO,30318,QUIET,949,24538880,4
6.026384747005068,REPRODUZINDO,30319,QUIET,1043,24539136,4
6.026384747005068,REPRODUZINDO,30320,QUIET,844,24539392,4
6.071737353006029,REPRODUZINDO,30321,QUIET,939,24539648,4
6.071737353006029,REPRODUZINDO,30322,QUIET,1769,24539904,4
6.071737353006029,REPRODUZINDO,30323,QUIET,5151,24540160,4
6.071737353006029,REPRODUZINDO,30324,QUIET,6322,24540416,4
6.094464117006282,REPRODUZINDO,30325,QUIET,7375,24540672,4
6.094464117006282,REPRODUZINDO,30326,QUIET,7896,24540928,4
6.094464117006282,REPRODUZINDO,30327,QUIET,14113,24541184,4
6.094464117006282,REPRODUZINDO,30328,QUIET,18628,24541440,4
6.117211103002774,REPRODUZINDO,30329,QUIET,16996,24541696,4
6.117211103002774,REPRODUZINDO,30330,QUIET,14788,24541952,4
6.117211103002774,REPRODUZINDO,30331,QUIET,14007,24542208,4
6.117211103002774,REPRODUZINDO,30332,QUIET,13648,24542464,4
6.117211103002774,REPRODUZINDO,30333,QUIET,11272,24542720,4
6.117211103002774,REPRODUZINDO,30334,QUIET,9332,24542976,4
6.117211103002774,REPRODUZINDO,30335,QUIET,5334,24543232,4
6.160198286001105,REPRODUZINDO,30336,QUIET,2651,24543488,4
6.160198286001105,REPRODUZINDO,30337,QUIET,1538,24543744,4
6.160198286001105,REPRODUZINDO,30338,QUIET,8465,24544000,4
6.160198286001105,REPRODUZINDO,30339,QUIET,13818,24544256,4
6.182991863999632,REPRODUZINDO,30340,QUIET,15628,24544512,4
6.182991863999632,REPRODUZINDO,30341,QUIET,16584,24544768,4
6.182991863999632,REPRODUZINDO,30342,QUIET,14330,24545024,4
6.182991863999632,REPRODUZINDO,30343,QUIET,14124,24545280,4
6.205750146000355,REPRODUZINDO,30344,QUIET,11083,24545536,4
6.205750146000355,REPRODUZINDO,30345,QUIET,10255,24545792,4
6.205750146000355,REPRODUZINDO,30346,QUIET,8760,24546048,4
6.205750146000355,REPRODUZINDO,30347,QUIET,6891,24546304,4
6.205750146000355,REPRODUZINDO,30348,QUIET,7250,24546560,4
6.205750146000355,REPRODUZINDO,30349,QUIET,6570,24546816,4
6.205750146000355,REPRODUZINDO,30350,QUIET,6660,24547072,4
6.205750146000355,REPRODUZINDO,30351,QUIET,5710,24547328,4
6.205750146000355,REPRODUZINDO,30352,QUIET,4362,24547584,4
6.205750146000355,REPRODUZINDO,30353,QUIET,3950,24547840,4
6.205750146000355,REPRODUZINDO,30354,QUIET,3860,24548096,4
6.277159914003278,REPRODUZINDO,30355,QUIET,4118,24548352,4
6.277159914003278,REPRODUZINDO,30356,QUIET,3450,24548608,4
6.277159914003278,REPRODUZINDO,30357,QUIET,4237,24548864,4
6.277159914003278,REPRODUZINDO,30358,QUIET,3394,24549120,4
6.3000685070001055,REPRODUZINDO,30359,QUIET,3325,24549376,4
6.3000685070001055,REPRODUZINDO,30360,QUIET,3833,24549632,4
6.3000685070001055,REPRODUZINDO,30361,QUIET,4259,24549888,4
6.3000685070001055,REPRODUZINDO,30362,QUIET,4853,24550144,4
6.3000685070001055,REPRODUZINDO,30363,QUIET,2825,24550400,4
6.3000685070001055,REPRODUZINDO,30364,QUIET,2230,24550656,4
6.3000685070001055,REPRODUZINDO,30365,QUIET,1277,24550912,4
6.344669501006138,REPRODUZINDO,30366,QUIET,2037,24551168,4
6.344669501006138,REPRODUZINDO,30367,QUIET,2001,24551424,4
6.344669501006138,REPRODUZINDO,30368,QUIET,1713,24551680,4
6.344669501006138,REPRODUZINDO,30369,QUIET,2366,24551936,4
6.367446820004261,REPRODUZINDO,30370,QUIET,2224,24552192,4
6.367446820004261,REPRODUZINDO,30371,QUIET,914,24552448,4
6.367446820004261,REPRODUZINDO,30372,QUIET,1588,24552704,4
6.367446820004261,REPRODUZINDO,30373,QUIET,1075,24552960,4
6.390200528003334,SILENCIO FINAL,30374,QUIET,912,24553216,4
6.390200528003334,SILENCIO FINAL,30375,QUIET,1056,24553472,4
6.390200528003334,SILENCIO FINAL,30376,QUIET,870,24553728,4
6.390200528003334,SILENCIO FINAL,30377,QUIET,1330,24553984,4
6.390200528003334,SILENCIO FINAL,30378,QUIET,1377,24554240,4
6.390200528003334,SILENCIO FINAL,30379,QUIET,1364,24554496,4
6.390200528003334,SILENCIO FINAL,30380,QUIET,1496,24554752,4
6.390200528003334,SILENCIO FINAL,30381,QUIET,1877,24555008,4
6.390200528003334,SILENCIO FINAL,30382,QUIET,1795,24555264,4
6.390200528003334,SILENCIO FINAL,30383,QUIET,1012,24555520,4
6.390200528003334,SILENCIO FINAL,30384,QUIET,1219,24555776,4
6.390200528003334,SILENCIO FINAL,30385,QUIET,2072,24556032,4
6.390200528003334,SILENCIO FINAL,30386,QUIET,2197,24556288,4
6.390200528003334,SILENCIO FINAL,30387,QUIET,984,24556544,4
6.390200528003334,SILENCIO FINAL,30388,QUIET,1574,24556800,4
6.390200528003334,SILENCIO FINAL,30389,QUIET,2625,24557056,4
6.390200528003334,SILENCIO FINAL,30390,QUIET,3866,24557312,4
6.390200528003334,SILENCIO FINAL,30391,QUIET,2346,24557568,4
6.390200528003334,SILENCIO FINAL,30392,QUIET,1037,24557824,4
6.390200528003334,SILENCIO FINAL,30393,QUIET,1244,24558080,4
6.390200528003334,SILENCIO FINAL,30394,QUIET,1031,24558336,4
6.390200528003334,SILENCIO FINAL,30395,QUIET,2225,24558592,4
6.390200528003334,SILENCIO FINAL,30396,QUIET,2101,24558848,4
6.390200528003334,SILENCIO FINAL,30397,QUIET,1585,24559104,4
6.390200528003334,SILENCIO FINAL,30398,QUIET,1086,24559360,4
6.545617322000908,SILENCIO FINAL,30399,QUIET,1595,24559616,4
6.545617322000908,SILENCIO FINAL,30400,QUIET,2915,24559872,4
6.545617322000908,SILENCIO FINAL,30401,QUIET,3493,24560128,4
6.545617322000908,SILENCIO FINAL,30402,QUIET,3468,24560384,4
6.545617322000908,SILENCIO FINAL,30403,QUIET,4123,24560640,4
6.545617322000908,SILENCIO FINAL,30404,QUIET,2655,24560896,4
6.545617322000908,SILENCIO FINAL,30405,QUIET,2189,24561152,4
6.545617322000908,SILENCIO FINAL,30406,QUIET,1803,24561408,4
6.545617322000908,SILENCIO FINAL,30407,QUIET,2676,24561664,4
6.596445309005503,SILENCIO FINAL,30408,QUIET,1352,24561920,4
6.596445309005503,SILENCIO FINAL,30409,QUIET,1122,24562176,4
6.596445309005503,SILENCIO FINAL,30410,QUIET,1136,24562432,4
6.596445309005503,SILENCIO FINAL,30411,QUIET,3133,24562688,4
6.619321810001566,SILENCIO FINAL,30412,QUIET,2187,24562944,4
6.619321810001566,SILENCIO FINAL,30413,QUIET,979,24563200,4
6.619321810001566,SILENCIO FINAL,30414,QUIET,2803,24563456,4
6.619321810001566,SILENCIO FINAL,30415,QUIET,2513,24563712,4
6.642166479003208,SILENCIO FINAL,30416,QUIET,1132,24563968,4
6.642166479003208,SILENCIO FINAL,30417,QUIET,1770,24564224,4
6.642166479003208,SILENCIO FINAL,30418,QUIET,2871,24564480,4
6.642166479003208,SILENCIO FINAL,30419,QUIET,4041,24564736,4
6.642166479003208,SILENCIO FINAL,30420,QUIET,4155,24564992,4
6.642166479003208,SILENCIO FINAL,30421,QUIET,1480,24565248,4
6.642166479003208,SILENCIO FINAL,30422,QUIET,1574,24565504,4
6.642166479003208,SILENCIO FINAL,30423,QUIET,3420,24565760,4
6.642166479003208,SILENCIO FINAL,30424,QUIET,3072,24566016,4
6.642166479003208,SILENCIO FINAL,30425,QUIET,1732,24566272,4
6.642166479003208,SILENCIO FINAL,30426,QUIET,1660,24566528,4
6.642166479003208,SILENCIO FINAL,30427,QUIET,2369,24566784,4
6.642166479003208,SILENCIO FINAL,30428,QUIET,2400,24567040,4
6.642166479003208,SILENCIO FINAL,30429,QUIET,3432,24567296,4
6.642166479003208,SILENCIO FINAL,30430,QUIET,1587,24567552,4
6.642166479003208,SILENCIO FINAL,30431,QUIET,1163,24567808,4
6.642166479003208,SILENCIO FINAL,30432,QUIET,2185,24568064,4
6.642166479003208,SILENCIO FINAL,30433,QUIET,2106,24568320,4
6.642166479003208,SILENCIO FINAL,30434,QUIET,1893,24568576,4
6.642166479003208,SILENCIO FINAL,30435,QUIET,1995,24568832,4
6.642166479003208,SILENCIO FINAL,30436,QUIET,3433,24569088,4
6.642166479003208,SILENCIO FINAL,30437,QUIET,3797,24569344,4
6.779252602005727,SILENCIO FINAL,30438,QUIET,1734,24569600,4
6.779252602005727,SILENCIO FINAL,30439,QUIET,2111,24569856,4
6.779252602005727,SILENCIO FINAL,30440,QUIET,1344,24570112,4
6.779252602005727,SILENCIO FINAL,30441,QUIET,1093,24570368,4
6.779252602005727,SILENCIO FINAL,30442,QUIET,1057,24570624,4
6.779252602005727,SILENCIO FINAL,30443,QUIET,876,24570880,4
6.779252602005727,SILENCIO FINAL,30444,QUIET,1211,24571136,4
6.818292181000288,SILENCIO FINAL,30445,QUIET,1226,24571392,4
6.818292181000288,SILENCIO FINAL,30446,QUIET,1565,24571648,4
6.818292181000288,SILENCIO FINAL,30447,QUIET,2003,24571904,4
6.841013278004539,SILENCIO FINAL,30448,QUIET,1620,24572160,4
6.841013278004539,SILENCIO FINAL,30449,QUIET,1547,24572416,4
6.841013278004539,SILENCIO FINAL,30450,QUIET,1266,24572672,4
6.841013278004539,SILENCIO FINAL,30451,QUIET,1292,24572928,4
6.863880891003646,SILENCIO FINAL,30452,QUIET,1346,24573184,4
6.863880891003646,SILENCIO FINAL,30453,QUIET,2120,24573440,4
6.863880891003646,SILENCIO FINAL,30454,QUIET,3654,24573696,4
6.863880891003646,SILENCIO FINAL,30455,QUIET,5800,24573952,4
6.863880891003646,SILENCIO FINAL,30456,QUIET,3486,24574208,4
6.863880891003646,SILENCIO FINAL,30457,QUIET,4127,24574464,4
6.863880891003646,SILENCIO FINAL,30458,QUIET,3484,24574720,4
6.863880891003646,SILENCIO FINAL,30459,QUIET,3447,24574976,4
6.863880891003646,SILENCIO FINAL,30460,QUIET,4535,24575232,4
6.919632736004132,SILENCIO FINAL,30461,QUIET,4431,24575488,4
6.919632736004132,SILENCIO FINAL,30462,QUIET,5370,24575744,4
6.919632736004132,SILENCIO FINAL,30463,QUIET,5294,24576000,4
6.919632736004132,SILENCIO FINAL,30464,QUIET,4637,24576256,4
6.94238781400054,SILENCIO FINAL,30465,QUIET,3713,24576512,4
6.94238781400054,SILENCIO FINAL,30466,QUIET,3028,24576768,4
6.94238781400054,SILENCIO FINAL,30467,QUIET,3326,24577024,4
6.94238781400054,SILENCIO FINAL,30468,QUIET,1597,24577280,4
6.965118671003438,SILENCIO FINAL,30469,QUIET,1694,24577536,4
6.965118671003438,SILENCIO FINAL,30470,QUIET,1194,24577792,4
6.965118671003438,SILENCIO FINAL,30471,QUIET,1205,24578048,4
6.965118671003438,SILENCIO FINAL,30472,QUIET,890,24578304,4
6.965118671003438,SILENCIO FINAL,30473,QUIET,1253,24578560,4
6.965118671003438,SILENCIO FINAL,30474,QUIET,2914,24578816,4
6.965118671003438,SILENCIO FINAL,30475,QUIET,3583,24579072,4
6.965118671003438,SILENCIO FINAL,30476,QUIET,5201,24579328,4
6.965118671003438,SILENCIO FINAL,30477,QUIET,10421,24579584,4
6.965118671003438,SILENCIO FINAL,30478,QUIET,16999,24579840,4
6.965118671003438,SILENCIO FINAL,30479,QUIET,17380,24580096,4
6.965118671003438,SILENCIO FINAL,30480,QUIET,16270,24580352,4
6.965118671003438,SILENCIO FINAL,30481,QUIET,13620,24580608,4
6.965118671003438,SILENCIO FINAL,30482,QUIET,13282,24580864,4
6.965118671003438,SILENCIO FINAL,30483,QUIET,11787,24581120,4
6.965118671003438,SILENCIO FINAL,30484,QUIET,12049,24581376,4
7.067756750002445,SILENCIO FINAL,30485,QUIET,9171,24581632,4
7.067756750002445,SILENCIO FINAL,30486,QUIET,7023,24581888,4
7.067756750002445,SILENCIO FINAL,30487,QUIET,7507,24582144,4
7.067756750002445,SILENCIO FINAL,30488,QUIET,7250,24582400,4
7.067756750002445,SILENCIO FINAL,30489,QUIET,8353,24582656,4
7.067756750002445,SILENCIO FINAL,30490,QUIET,7035,24582912,4
7.067756750002445,SILENCIO FINAL,30491,QUIET,5575,24583168,4
7.067756750002445,SILENCIO FINAL,30492,QUIET,4826,24583424,4
7.11024022300262,SILENCIO FINAL,30493,QUIET,5181,24583680,4
7.11024022300262,SILENCIO FINAL,30494,QUIET,5649,24583936,4
7.11024022300262,SILENCIO FINAL,30495,QUIET,2980,24584192,4
7.132950358005473,SILENCIO FINAL,30496,QUIET,1201,24584448,4
7.132950358005473,SILENCIO FINAL,30497,QUIET,4001,24584704,4
7.132950358005473,SILENCIO FINAL,30498,QUIET,5336,24584960,4
7.132950358005473,SILENCIO FINAL,30499,QUIET,12608,24585216,4
7.155781657005718,SILENCIO FINAL,30500,QUIET,16570,24585472,4
7.155781657005718,SILENCIO FINAL,30501,QUIET,16087,24585728,4
7.155781657005718,SILENCIO FINAL,30502,QUIET,13662,24585984,4
7.155781657005718,SILENCIO FINAL,30503,QUIET,15372,24586240,4
7.155781657005718,SILENCIO FINAL,30504,QUIET,13532,24586496,4
7.155781657005718,SILENCIO FINAL,30505,QUIET,12782,24586752,4
7.155781657005718,SILENCIO FINAL,30506,QUIET,11891,24587008,4
7.155781657005718,SILENCIO FINAL,30507,QUIET,11510,24587264,4
7.155781657005718,SILENCIO FINAL,30508,QUIET,10353,24587520,4
7.208432117004122,SILENCIO FINAL,30509,QUIET,10560,24587776,4
7.208432117004122,SILENCIO FINAL,30510,QUIET,8147,24588032,4
7.208432117004122,SILENCIO FINAL,30511,QUIET,8549,24588288,4
7.208432117004122,SILENCIO FINAL,30512,QUIET,8188,24588544,4
7.231244120004703,SILENCIO FINAL,30513,QUIET,8073,24588800,4
7.231244120004703,SILENCIO FINAL,30514,QUIET,6847,24589056,4
7.231244120004703,SILENCIO FINAL,30515,QUIET,6925,24589312,4
7.253867794002872,SILENCIO FINAL,30516,QUIET,5511,24589568,4
7.253867794002872,SILENCIO FINAL,30517,QUIET,3525,24589824,4
7.253867794002872,SILENCIO FINAL,30518,QUIET,2492,24590080,4
7.253867794002872,SILENCIO FINAL,30519,QUIET,2297,24590336,4
7.253867794002872,SILENCIO FINAL,30520,QUIET,3101,24590592,4
7.253867794002872,SILENCIO FINAL,30521,QUIET,3273,24590848,4
7.253867794002872,SILENCIO FINAL,30522,QUIET,2346,24591104,4
7.253867794002872,SILENCIO FINAL,30523,QUIET,3162,24591360,4
7.299850624003739,SILENCIO FINAL,30524,QUIET,2740,24591616,4
7.299850624003739,SILENCIO FINAL,30525,QUIET,1734,24591872,4
7.299850624003739,SILENCIO FINAL,30526,QUIET,1922,24592128,4
7.299850624003739,SILENCIO FINAL,30527,QUIET,3129,24592384,4
7.3226365910013556,SILENCIO FINAL,30528,QUIET,837,24592640,4
7.3226365910013556,SILENCIO FINAL,30529,QUIET,926,24592896,4
7.3226365910013556,SILENCIO FINAL,30530,QUIET,1324,24593152,4
7.345211026004108,SILENCIO FINAL,30531,QUIET,973,24593408,4
7.345211026004108,SILENCIO FINAL,30532,QUIET,1061,24593664,4
7.345211026004108,SILENCIO FINAL,30533,QUIET,1091,24593920,4
7.345211026004108,SILENCIO FINAL,30534,QUIET,871,24594176,4
7.345211026004108,SILENCIO FINAL,30535,QUIET,1422,24594432,4
7.345211026004108,SILENCIO FINAL,30536,QUIET,933,24594688,4
7.345211026004108,SILENCIO FINAL,30537,QUIET,1080,24594944,4
7.345211026004108,SILENCIO FINAL,30538,QUIET,1312,24595200,4
7.345211026004108,SILENCIO FINAL,30539,QUIET,1115,24595456,4
7.345211026004108,SILENCIO FINAL,30540,QUIET,1931,24595712,4
7.345211026004108,SILENCIO FINAL,30541,QUIET,1427,24595968,4
7.345211026004108,SILENCIO FINAL,30542,QUIET,4143,24596224,4
7.345211026004108,SILENCIO FINAL,30543,QUIET,2471,24596480,4
7.345211026004108,SILENCIO FINAL,30544,QUIET,1733,24596736,4
7.345211026004108,SILENCIO FINAL,30545,QUIET,3051,24596992,4
7.345211026004108,SILENCIO FINAL,30546,QUIET,3347,24597248,4
7.345211026004108,SILENCIO FINAL,30547,QUIET,2200,24597504,4
7.345211026004108,SILENCIO FINAL,30548,QUIET,1303,24597760,4
7.345211026004108,SILENCIO FINAL,30549,QUIET,1936,24598016,4
7.345211026004108,SILENCIO FINAL,30550,QUIET,2233,24598272,4
7.345211026004108,SILENCIO FINAL,30551,QUIET,1474,24598528,4
7.345211026004108,SILENCIO FINAL,30552,QUIET,1900,24598784,4
7.345211026004108,SILENCIO FINAL,30553,QUIET,1877,24599040,4
7.482664806004323,SILENCIO FINAL,30554,QUIET,2087,24599296,4
7.482664806004323,SILENCIO FINAL,30555,QUIET,2701,24599552,4
7.482664806004323,SILENCIO FINAL,30556,QUIET,2385,24599808,4
7.482664806004323,SILENCIO FINAL,30557,QUIET,1702,24600064,4
7.482664806004323,SILENCIO FINAL,30558,QUIET,1964,24600320,4
7.482664806004323,SILENCIO FINAL,30559,QUIET,1746,24600576,4
7.482664806004323,SILENCIO FINAL,30560,QUIET,1555,24600832,4
7.524005142004171,SILENCIO FINAL,30561,QUIET,1419,24601088,4
7.524005142004171,SILENCIO FINAL,30562,QUIET,1367,24601344,4
7.524005142004171,SILENCIO FINAL,30563,QUIET,1853,24601600,4
7.524005142004171,SILENCIO FINAL,30564,QUIET,2129,24601856,4
7.546881902002497,SILENCIO FINAL,30565,QUIET,1413,24602112,4
7.546881902002497,SILENCIO FINAL,30566,QUIET,2924,24602368,4
7.546881902002497,SILENCIO FINAL,30567,QUIET,4871,24602624,4
7.569547926999803,SILENCIO FINAL,30568,QUIET,3631,24602880,4
7.569547926999803,SILENCIO FINAL,30569,QUIET,1766,24603136,4
7.569547926999803,SILENCIO FINAL,30570,QUIET,2739,24603392,4
7.569547926999803,SILENCIO FINAL,30571,QUIET,3209,24603648,4
7.569547926999803,SILENCIO FINAL,30572,QUIET,3414,24603904,4
7.569547926999803,SILENCIO FINAL,30573,QUIET,4348,24604160,4
7.569547926999803,SILENCIO FINAL,30574,QUIET,3425,24604416,4
7.569547926999803,SILENCIO FINAL,30575,QUIET,1915,24604672,4
7.569547926999803,SILENCIO FINAL,30576,QUIET,2873,24604928,4
7.624426627000503,SILENCIO FINAL,30577,QUIET,2492,24605184,4
7.624426627000503,SILENCIO FINAL,30578,QUIET,3848,24605440,4
7.624426627000503,SILENCIO FINAL,30579,QUIET,3122,24605696,4
7.624426627000503,SILENCIO FINAL,30580,QUIET,2132,24605952,4
7.647190465002495,SILENCIO FINAL,30581,QUIET,2257,24606208,4
7.647190465002495,SILENCIO FINAL,30582,QUIET,2862,24606464,4
7.647190465002495,SILENCIO FINAL,30583,QUIET,1916,24606720,4
7.647190465002495,SILENCIO FINAL,30584,QUIET,1241,24606976,4
7.669933544006199,SILENCIO FINAL,30585,QUIET,2291,24607232,4
7.669933544006199,SILENCIO FINAL,30586,QUIET,3905,24607488,4
7.669933544006199,SILENCIO FINAL,30587,QUIET,3174,24607744,4
7.669933544006199,SILENCIO FINAL,30588,QUIET,1278,24608000,4
7.669933544006199,SILENCIO FINAL,30589,QUIET,1242,24608256,4
7.669933544006199,SILENCIO FINAL,30590,QUIET,2988,24608512,4
7.669933544006199,SILENCIO FINAL,30591,QUIET,4060,24608768,4
7.669933544006199,SILENCIO FINAL,30592,QUIET,4584,24609024,4
7.669933544006199,SILENCIO FINAL,30593,QUIET,3337,24609280,4
7.669933544006199,SILENCIO FINAL,30594,QUIET,4094,24609536,4
7.669933544006199,SILENCIO FINAL,30595,QUIET,3675,24609792,4
7.669933544006199,SILENCIO FINAL,30596,QUIET,4726,24610048,4
7.669933544006199,SILENCIO FINAL,30597,QUIET,4658,24610304,4
7.669933544006199,SILENCIO FINAL,30598,QUIET,4454,24610560,4
7.669933544006199,SILENCIO FINAL,30599,QUIET,4467,24610816,4
7.669933544006199,SILENCIO FINAL,30600,QUIET,4704,24611072,4
7.669933544006199,SILENCIO FINAL,30601,QUIET,4402,24611328,4
7.669933544006199,SILENCIO FINAL,30602,QUIET,1380,24611584,4
7.669933544006199,SILENCIO FINAL,30603,QUIET,1089,24611840,4
7.669933544006199,SILENCIO FINAL,30604,QUIET,1342,24612096,4
7.669933544006199,SILENCIO FINAL,30605,QUIET,1848,24612352,4
7.798090816002514,SILENCIO FINAL,30606,QUIET,3059,24612608,4
7.798090816002514,SILENCIO FINAL,30607,QUIET,4164,24612864,4
7.798090816002514,SILENCIO FINAL,30608,QUIET,6728,24613120,4
7.798090816002514,SILENCIO FINAL,30609,QUIET,8511,24613376,4
7.798090816002514,SILENCIO FINAL,30610,QUIET,12687,24613632,4
7.798090816002514,SILENCIO FINAL,30611,QUIET,15090,24613888,4
7.798090816002514,SILENCIO FINAL,30612,QUIET,15272,24614144,4
7.841050167000503,SILENCIO FINAL,30613,QUIET,13762,24614400,4
7.841050167000503,SILENCIO FINAL,30614,QUIET,15375,24614656,4
7.841050167000503,SILENCIO FINAL,30615,QUIET,13751,24614912,4
7.841050167000503,SILENCIO FINAL,30616,QUIET,12180,24615168,4
7.8638030600050115,SILENCIO FINAL,30617,QUIET,11408,24615424,4
7.8638030600050115,SILENCIO FINAL,30618,QUIET,9406,24615680,4
7.8638030600050115,SILENCIO FINAL,30619,QUIET,6615,24615936,4
7.8638030600050115,SILENCIO FINAL,30620,QUIET,5256,24616192,4
7.886553120006283,SILENCIO FINAL,30621,QUIET,2907,24616448,4
7.886553120006283,SILENCIO FINAL,30622,QUIET,2372,24616704,4
7.886553120006283,SILENCIO FINAL,30623,QUIET,3815,24616960,4
7.886553120006283,SILENCIO FINAL,30624,QUIET,10971,24617216,4
7.886553120006283,SILENCIO FINAL,30625,QUIET,12480,24617472,4
7.886553120006283,SILENCIO FINAL,30626,QUIET,13524,24617728,4
7.886553120006283,SILENCIO FINAL,30627,QUIET,10807,24617984,4
7.886553120006283,SILENCIO FINAL,30628,QUIET,10230,24618240,4
7.886553120006283,SILENCIO FINAL,30629,QUIET,9521,24618496,4
7.886553120006283,SILENCIO FINAL,30630,QUIET,9216,24618752,4
7.886553120006283,SILENCIO FINAL,30631,QUIET,7231,24619008,4
7.886553120006283,SILENCIO FINAL,30632,QUIET,8842,24619264,4
7.886553120006283,SILENCIO FINAL,30633,QUIET,7988,24619520,4
7.886553120006283,SILENCIO FINAL,30634,QUIET,7339,24619776,4
7.886553120006283,SILENCIO FINAL,30635,QUIET,4857,24620032,4
7.886553120006283,SILENCIO FINAL,30636,QUIET,4590,24620288,4
7.886553120006283,SILENCIO FINAL,30637,QUIET,3797,24620544,4
7.992640983000456,SILENCIO FINAL,30638,QUIET,3759,24620800,4
7.992640983000456,SILENCIO FINAL,30639,QUIET,2801,24621056,4
7.992640983000456,SILENCIO FINAL,30640,QUIET,2533,24621312,4
7.992640983000456,SILENCIO FINAL,30641,QUIET,2526,24621568,4
7.992640983000456,SILENCIO FINAL,30642,QUIET,1583,24621824,4
7.992640983000456,SILENCIO FINAL,30643,QUIET,840,24622080,4
7.992640983000456,SILENCIO FINAL,30644,QUIET,1159,24622336,4
7.992640983000456,SILENCIO FINAL,30645,QUIET,944,24622592,4
8.041809936999925,SILENCIO FINAL,30646,QUIET,2389,24622848,4
8.041809936999925,SILENCIO FINAL,30647,QUIET,4827,24623104,4
8.041809936999925,SILENCIO FINAL,30648,QUIET,3472,24623360,4
8.041809936999925,SILENCIO FINAL,30649,QUIET,1775,24623616,4
8.06468164200487,SILENCIO FINAL,30650,QUIET,2301,24623872,4
8.06468164200487,SILENCIO FINAL,30651,QUIET,2868,24624128,4
8.06468164200487,SILENCIO FINAL,30652,QUIET,4712,24624384,4
8.06468164200487,SILENCIO FINAL,30653,QUIET,4068,24624640,4
8.087569995004742,SILENCIO FINAL,30654,QUIET,2411,24624896,4
8.087569995004742,SILENCIO FINAL,30655,QUIET,1361,24625152,4
8.087569995004742,SILENCIO FINAL,30656,QUIET,1350,24625408,4
8.087569995004742,SILENCIO FINAL,30657,QUIET,1277,24625664,4
8.087569995004742,SILENCIO FINAL,30658,QUIET,1013,24625920,4
8.087569995004742,SILENCIO FINAL,30659,QUIET,1011,24626176,4
8.087569995004742,SILENCIO FINAL,30660,QUIET,1768,24626432,4
8.087569995004742,SILENCIO FINAL,30661,QUIET,1196,24626688,4
8.087569995004742,SILENCIO FINAL,30662,QUIET,912,24626944,4
8.087569995004742,SILENCIO FINAL,30663,QUIET,1501,24627200,4
8.087569995004742,SILENCIO FINAL,30664,QUIET,3443,24627456,4
8.087569995004742,SILENCIO FINAL,30665,QUIET,6032,24627712,4
8.087569995004742,SILENCIO FINAL,30666,QUIET,15783,24627968,4
8.087569995004742,SILENCIO FINAL,30667,QUIET,22842,24628224,4
8.087569995004742,SILENCIO FINAL,30668,QUIET,25313,24628480,4
8.087569995004742,SILENCIO FINAL,30669,QUIET,24112,24628736,4
8.087569995004742,SILENCIO FINAL,30670,QUIET,23173,24628992,4
8.087569995004742,SILENCIO FINAL,30671,QUIET,21788,24629248,4
8.087569995004742,SILENCIO FINAL,30672,QUIET,21315,24629504,4
8.087569995004742,SILENCIO FINAL,30673,QUIET,20002,24629760,4
8.087569995004742,SILENCIO FINAL,30674,QUIET,16289,24630016,4
8.087569995004742,SILENCIO FINAL,30675,QUIET,13279,24630272,4
8.087569995004742,SILENCIO FINAL,30676,QUIET,10923,24630528,4
8.087569995004742,SILENCIO FINAL,30677,QUIET,7709,24630784,4
8.087569995004742,SILENCIO FINAL,30678,QUIET,4703,24631040,4
8.087569995004742,SILENCIO FINAL,30679,QUIET,3589,24631296,4
8.087569995004742,SILENCIO FINAL,30680,QUIET,1409,24631552,4
8.087569995004742,SILENCIO FINAL,30681,QUIET,2386,24631808,4
8.087569995004742,SILENCIO FINAL,30682,QUIET,4632,24632064,4
8.087569995004742,SILENCIO FINAL,30683,QUIET,5168,24632320,4
8.087569995004742,SILENCIO FINAL,30684,QUIET,4435,24632576,4
8.087569995004742,SILENCIO FINAL,30685,QUIET,4843,24632832,4
8.285629035999591,SILENCIO FINAL,30686,QUIET,3943,24633088,4
8.285629035999591,SILENCIO FINAL,30687,QUIET,3184,24633344,4
8.285629035999591,SILENCIO FINAL,30688,QUIET,4766,24633600,4
8.285629035999591,SILENCIO FINAL,30689,QUIET,3723,24633856,4
8.285629035999591,SILENCIO FINAL,30690,QUIET,3217,24634112,4
8.285629035999591,SILENCIO FINAL,30691,QUIET,3118,24634368,4
8.285629035999591,SILENCIO FINAL,30692,QUIET,4564,24634624,4
8.324652763003542,SILENCIO FINAL,30693,QUIET,2660,24634880,4
8.324652763003542,SILENCIO FINAL,30694,QUIET,3608,24635136,4
8.324652763003542,SILENCIO FINAL,30695,QUIET,3628,24635392,4
8.324652763003542,SILENCIO FINAL,30696,QUIET,3904,24635648,4
8.347393175004981,SILENCIO FINAL,30697,QUIET,10233,24635904,4
8.347393175004981,SILENCIO FINAL,30698,QUIET,15877,24636160,4
8.347393175004981,SILENCIO FINAL,30699,QUIET,16647,24636416,4
8.369948740000837,TESTE ENVIADO,30700,QUIET,14713,24636672,4
8.369948740000837,TESTE ENVIADO,30701,QUIET,13920,24636928,4
8.369948740000837,TESTE ENVIADO,30702,QUIET,9889,24637184,4
8.369948740000837,TESTE ENVIADO,30703,QUIET,10044,24637440,4
8.369948740000837,TESTE ENVIADO,30704,QUIET,11373,24637696,4
8.369948740000837,TESTE ENVIADO,30705,QUIET,9946,24637952,4
8.369948740000837,TESTE ENVIADO,30706,QUIET,8918,24638208,4
8.369948740000837,TESTE ENVIADO,30707,QUIET,7476,24638464,4
8.369948740000837,TESTE ENVIADO,30708,QUIET,7215,24638720,4
8.369948740000837,TESTE ENVIADO,30709,QUIET,5798,24638976,4
8.369948740000837,TESTE ENVIADO,30710,QUIET,6845,24639232,4
8.369948740000837,TESTE ENVIADO,30711,QUIET,5626,24639488,4
8.369948740000837,TESTE ENVIADO,30712,QUIET,6321,24639744,4
8.369948740000837,TESTE ENVIADO,30713,QUIET,4688,24640000,4
8.369948740000837,TESTE ENVIADO,30714,QUIET,3489,24640256,4
8.369948740000837,TESTE ENVIADO,30715,QUIET,4839,24640512,4
8.369948740000837,TESTE ENVIADO,30716,QUIET,3732,24640768,4
8.369948740000837,TESTE ENVIADO,30717,QUIET,2377,24641024,4
8.369948740000837,TESTE ENVIADO,30718,QUIET,3649,24641280,4
8.369948740000837,TESTE ENVIADO,30719,QUIET,2639,24641536,4
8.369948740000837,TESTE ENVIADO,30720,QUIET,907,24641792,4
8.369948740000837,TESTE ENVIADO,30721,QUIET,1209,24642048,4
8.369948740000837,TESTE ENVIADO,30722,QUIET,1060,24642304,4
8.369948740000837,TESTE ENVIADO,30723,QUIET,3171,24642560,4
8.369948740000837,TESTE ENVIADO,30724,QUIET,4136,24642816,4
8.369948740000837,TESTE ENVIADO,30725,QUIET,2954,24643072,4
8.369948740000837,TESTE ENVIADO,30726,QUIET,2191,24643328,4
8.535635628002638,TESTE ENVIADO,30727,QUIET,998,24643584,4
8.535635628002638,TESTE ENVIADO,30728,QUIET,753,24643840,4
8.535635628002638,TESTE ENVIADO,30729,QUIET,911,24644096,4
8.535635628002638,TESTE ENVIADO,30730,QUIET,1297,24644352,4
8.535635628002638,TESTE ENVIADO,30731,QUIET,1224,24644608,4
8.535635628002638,TESTE ENVIADO,30732,QUIET,1498,24644864,4
8.535635628002638,TESTE ENVIADO,30733,QUIET,935,24645120,4
8.535635628002638,TESTE ENVIADO,30734,QUIET,2478,24645376,4
8.581153063001693,TESTE ENVIADO,30735,QUIET,4743,24645632,4
8.581153063001693,TESTE ENVIADO,30736,QUIET,12658,24645888,4
8.581153063001693,TESTE ENVIADO,30737,QUIET,19075,24646144,4
8.581153063001693,TESTE ENVIADO,30738,QUIET,20506,24646400,4
8.604202282003826,TESTE ENVIADO,30739,QUIET,19804,24646656,4
8.604202282003826,TESTE ENVIADO,30740,QUIET,17524,24646912,4
8.604202282003826,TESTE ENVIADO,30741,QUIET,13003,24647168,4
8.604202282003826,TESTE ENVIADO,30742,QUIET,11255,24647424,4
8.626886325000669,TESTE ENVIADO,30743,QUIET,10803,24647680,4
8.626886325000669,TESTE ENVIADO,30744,QUIET,7212,24647936,4
8.626886325000669,TESTE ENVIADO,30745,QUIET,7066,24648192,4
8.626886325000669,TESTE ENVIADO,30746,QUIET,7023,24648448,4
8.626886325000669,TESTE ENVIADO,30747,QUIET,6087,24648704,4
8.626886325000669,TESTE ENVIADO,30748,QUIET,6398,24648960,4
8.626886325000669,TESTE ENVIADO,30749,QUIET,5747,24649216,4
8.626886325000669,TESTE ENVIADO,30750,QUIET,4875,24649472,4
8.626886325000669,TESTE ENVIADO,30751,QUIET,5218,24649728,4
8.626886325000669,TESTE ENVIADO,30752,QUIET,3418,24649984,4
8.626886325000669,TESTE ENVIADO,30753,QUIET,2187,24650240,4
8.626886325000669,TESTE ENVIADO,30754,QUIET,1753,24650496,4
8.702625984005863,TESTE ENVIADO,30755,QUIET,3693,24650752,4
8.702625984005863,TESTE ENVIADO,30756,QUIET,5201,24651008,4
8.702625984005863,TESTE ENVIADO,30757,QUIET,11707,24651264,4
8.702625984005863,TESTE ENVIADO,30758,QUIET,15390,24651520,4
8.725490652999724,TESTE ENVIADO,30759,QUIET,13597,24651776,4
8.725490652999724,TESTE ENVIADO,30760,QUIET,13379,24652032,4
8.725490652999724,TESTE ENVIADO,30761,QUIET,10788,24652288,4
8.725490652999724,TESTE ENVIADO,30762,QUIET,11245,24652544,4
8.725490652999724,TESTE ENVIADO,30763,QUIET,9920,24652800,4
8.725490652999724,TESTE ENVIADO,30764,QUIET,8182,24653056,4
8.725490652999724,TESTE ENVIADO,30765,QUIET,8082,24653312,4
8.725490652999724,TESTE ENVIADO,30766,QUIET,7035,24653568,4
8.725490652999724,TESTE ENVIADO,30767,QUIET,5473,24653824,4
8.725490652999724,TESTE ENVIADO,30768,QUIET,4258,24654080,4
8.725490652999724,TESTE ENVIADO,30769,QUIET,3248,24654336,4
8.725490652999724,TESTE ENVIADO,30770,QUIET,2456,24654592,4
8.725490652999724,TESTE ENVIADO,30771,QUIET,2655,24654848,4
8.725490652999724,TESTE ENVIADO,30772,QUIET,2525,24655104,4
