"path","sha256","bytes"
"build/mvp_direct_sd_probe/direct_sd_probe.cst","BF1FBF074B7BF78A1A2414D56FC69289CACA176A5C27E8A8BA4483AFF598DF42","812"
"build/mvp_direct_sd_probe/direct_sd_probe.rao","6531CA0839095A684BE696589599D38EDBC660270B111160BAE4FF09C106569D","7676"
"build/mvp_direct_sd_probe/impl/gwsynthesis/RTL_GAO/ao_0/gw_ao_expression.v","1F4E3FB589CE114218B7317E1B5F60F59646E7CC068ACF7CFA4CEA76B1C506C0","605"
"build/mvp_direct_sd_probe/impl/gwsynthesis/RTL_GAO/ao_0/gw_ao_init.v","6B56EB6E516687815AA8BBBB31443CE7D8AE6886E12FD5A3EEAA0571EC85E5C3","3752"
"build/mvp_direct_sd_probe/impl/gwsynthesis/RTL_GAO/ao_0/gw_ao_parameter.v","5A88BB7259228733BE962E3A602D4AFF5B23CD50FF9F10A76B5A465185180F9D","3388"
"build/mvp_direct_sd_probe/impl/gwsynthesis/RTL_GAO/ao_0/gw_ao_top_define.v","55559A48505FE031F7C2418A2A7016C38B354E1980DA2372F3749E41F26887FC","110"
"build/mvp_direct_sd_probe/impl/gwsynthesis/RTL_GAO/ao_control/gw_con_parameter.v","09FB8794A33D7A5788658AE1FE0925086BD1DE358137D5DE2E3750759D60F608","27"
"build/mvp_direct_sd_probe/impl/gwsynthesis/RTL_GAO/ao_control/gw_con_top_define.v","7991B72C159CB5BCA78BD9BC87BA3869AB472330E189AE6225622E9787DF47F1","21"
"build/mvp_direct_sd_probe/impl/gwsynthesis/RTL_GAO/gw_gao_top.v","97266CAE8E26C476B88A802125DA4BCF558DE056B7905602FF5C1C2A56C7A932","10982"
"build/mvp_direct_sd_probe/impl/gwsynthesis/safe_field_direct_sd_probe.log","FBC900A61233B878E6623FB873EA62DDD88F9BB821F58803E5F0BC86B955E0D4","7926"
"build/mvp_direct_sd_probe/impl/gwsynthesis/safe_field_direct_sd_probe.prj","93A9F496C06413A00C4AAF476DE174B44982D3C92A2376AAEE73B8514EC78C1A","2252"
"build/mvp_direct_sd_probe/impl/gwsynthesis/safe_field_direct_sd_probe.vg","54FFC7CC6BEDF278DCDC8F46F4DF9E96A1B63710AE3B7457C1C9CDB67CD9A431","1279088"
"build/mvp_direct_sd_probe/impl/gwsynthesis/safe_field_direct_sd_probe_syn.rpt.html","6EA2344C2DD852A74BD7DA9FCDB829B218D02661EE06BBAA8D396AA68F1864B2","34866"
"build/mvp_direct_sd_probe/impl/gwsynthesis/safe_field_direct_sd_probe_syn_resource.html","0594DB5521389C3D7A2173D605EC5DD82F2B0598B828474F7AD71BD46F0FE2FF","2339"
"build/mvp_direct_sd_probe/impl/gwsynthesis/safe_field_direct_sd_probe_syn_rsc.xml","D9B6FDAB856FAD607D55A13A9178207EA9164A6E2275E5091E921948A9539349","446"
"build/mvp_direct_sd_probe/impl/pnr/ao_0.bin","B2F71EB89D59C2F401E1A19A773674CFE6944BFD37A14EBCFD914ABC740B540B","221368"
"build/mvp_direct_sd_probe/impl/pnr/ao_0.binx","284D7A6218429A2DE70C082FF1460CB43A56758A60ECA20B9CCBFF017095BEF8","221900"
"build/mvp_direct_sd_probe/impl/pnr/ao_0.fs","5558614DF0D7311BF1B8D7A13CDCDDC55FF536EE47CBA871352F0B4FFD14F595","1773045"
"build/mvp_direct_sd_probe/impl/pnr/cmd.do","6D71455949FF4DEE67DA42749E5969AF6A6ADEE16F48A65C6955766935B8B04C","673"
"build/mvp_direct_sd_probe/impl/pnr/device.cfg","2CD0EAE192CC0A1AB510FD74F07F3AFF35388EF2ECFCA85E642CDA5DBEEEB5BD","611"
"build/mvp_direct_sd_probe/impl/pnr/safe_field_direct_sd_probe.db","F3DB2941A3A03A5CF98C02C9E3C826535815705B7F5428F5EF017520A94BDF77","111800"
"build/mvp_direct_sd_probe/impl/pnr/safe_field_direct_sd_probe.log","38214B86F0626FA5DE9BB292B7D416D739E881C8A0E0474420119C949046EC00","5122"
"build/mvp_direct_sd_probe/impl/pnr/safe_field_direct_sd_probe.pin.html","9065B1CDEEFE28633F0C00D3709B44E30198A45181A7E391FAA64C8DCABD439D","20123"
"build/mvp_direct_sd_probe/impl/pnr/safe_field_direct_sd_probe.power.html","92CC764E05028B83FE5C5B756218E5464FE0DEB87B4A356C80F2A7E46D52651D","8196"
"build/mvp_direct_sd_probe/impl/pnr/safe_field_direct_sd_probe.rpt.html","64AF51009557CB15FBEA1087A5E77C73784C2E1DA4D19C5FB0C4FB7017E0CC75","25099"
"build/mvp_direct_sd_probe/impl/pnr/safe_field_direct_sd_probe.rpt.txt","2F2284802D704ED1BD2527D2880E44DF2A076D8D8E108267053715E0CB951FE4","19009"
"build/mvp_direct_sd_probe/impl/pnr/safe_field_direct_sd_probe.timing_paths","CBE78A5E12930B86FC2D5E3920BF1F84A6706522B081B700B4292151E03C4B78","34819"
"build/mvp_direct_sd_probe/impl/pnr/safe_field_direct_sd_probe.tr","4A546908B1994BBAC343C6ABB6A0FEDDAF1201DE896BD0C6CD0C28F9B5BA1C95","590862"
"build/mvp_direct_sd_probe/impl/pnr/safe_field_direct_sd_probe.tr.html","C273B3D0D44B61CDD194D9F9FC4B63390D021BF77FF9F0CB9D3C676BCDFB654D","387"
"build/mvp_direct_sd_probe/impl/pnr/safe_field_direct_sd_probe_tr_cata.html","8CF1D15737DD0824B36A00F901CED40E594FBECEC0CC3227E9A84C803A265F31","8297"
"build/mvp_direct_sd_probe/impl/pnr/safe_field_direct_sd_probe_tr_content.html","AC043FEB7A69B0C579A9B3B98B725DFE364AFBD178406ACD0E9070B69F8241D2","869112"
"build/mvp_direct_sd_probe_lowrate/direct_sd_probe_lowrate.cst","A49B76717D7CEC60B7631248A50F5190EBB45B829B7A4BBDD050FDE2A780EFA9","795"
"build/mvp_direct_sd_probe_lowrate/direct_sd_probe_lowrate.rao","6531CA0839095A684BE696589599D38EDBC660270B111160BAE4FF09C106569D","7676"
"build/mvp_direct_sd_probe_lowrate/impl/gwsynthesis/RTL_GAO/ao_0/gw_ao_expression.v","1F4E3FB589CE114218B7317E1B5F60F59646E7CC068ACF7CFA4CEA76B1C506C0","605"
"build/mvp_direct_sd_probe_lowrate/impl/gwsynthesis/RTL_GAO/ao_0/gw_ao_init.v","6B56EB6E516687815AA8BBBB31443CE7D8AE6886E12FD5A3EEAA0571EC85E5C3","3752"
"build/mvp_direct_sd_probe_lowrate/impl/gwsynthesis/RTL_GAO/ao_0/gw_ao_parameter.v","5A88BB7259228733BE962E3A602D4AFF5B23CD50FF9F10A76B5A465185180F9D","3388"
"build/mvp_direct_sd_probe_lowrate/impl/gwsynthesis/RTL_GAO/ao_0/gw_ao_top_define.v","55559A48505FE031F7C2418A2A7016C38B354E1980DA2372F3749E41F26887FC","110"
"build/mvp_direct_sd_probe_lowrate/impl/gwsynthesis/RTL_GAO/ao_control/gw_con_parameter.v","09FB8794A33D7A5788658AE1FE0925086BD1DE358137D5DE2E3750759D60F608","27"
"build/mvp_direct_sd_probe_lowrate/impl/gwsynthesis/RTL_GAO/ao_control/gw_con_top_define.v","7991B72C159CB5BCA78BD9BC87BA3869AB472330E189AE6225622E9787DF47F1","21"
"build/mvp_direct_sd_probe_lowrate/impl/gwsynthesis/RTL_GAO/gw_gao_top.v","97266CAE8E26C476B88A802125DA4BCF558DE056B7905602FF5C1C2A56C7A932","10982"
"build/mvp_direct_sd_probe_lowrate/impl/gwsynthesis/safe_field_direct_sd_probe_lowrate.log","52174A9F13B944E07FC0C0A719B771A0C3C19DC00A7FC7C326A5B2F57984639D","8085"
"build/mvp_direct_sd_probe_lowrate/impl/gwsynthesis/safe_field_direct_sd_probe_lowrate.prj","D423BF9AB2427321FC3DFD6C42D45C5096B052937D2A71B78CF6ECA688EE9161","2290"
"build/mvp_direct_sd_probe_lowrate/impl/gwsynthesis/safe_field_direct_sd_probe_lowrate.vg","B3C570EF5C1C5A22E3C16E450BCF621C256700BAEED5EB2D2C04B1443146F956","1286482"
"build/mvp_direct_sd_probe_lowrate/impl/gwsynthesis/safe_field_direct_sd_probe_lowrate_syn.rpt.html","93F6B3ED34A11B3054D7E75C15231F025CD057C6F81B211A70BE2FACE2B291E2","34880"
"build/mvp_direct_sd_probe_lowrate/impl/gwsynthesis/safe_field_direct_sd_probe_lowrate_syn_resource.html","9EC68B5C85D0115B2633A278DD42D2B2D600FCBEF7C471B297EC77664583451A","2359"
"build/mvp_direct_sd_probe_lowrate/impl/gwsynthesis/safe_field_direct_sd_probe_lowrate_syn_rsc.xml","F9DC48FCE18016DACD0C63423368FBDAEA71D5CC9E35E06086213E1CD6D282BA","446"
"build/mvp_direct_sd_probe_lowrate/impl/pnr/ao_0.bin","FD9C23B7ADB5C3BFD93178485C70E77E72EB5F012C9C97A71BEC5792602A1B96","221368"
"build/mvp_direct_sd_probe_lowrate/impl/pnr/ao_0.binx","EABFD24B6299082917A2E64146559B740C13A45798DC72D520BBCE9DE74EB682","221900"
"build/mvp_direct_sd_probe_lowrate/impl/pnr/ao_0.fs","4C2AFCD198A906EC23BD0BA6C0A80849C6D728B7A2593BD45A1D1DED14F89E7C","1773045"
"build/mvp_direct_sd_probe_lowrate/impl/pnr/cmd.do","1E7BE634DF6ED77F72BF8A0C408F036DDE639FFDC75B9E88F21E3BA9082EB967","699"
"build/mvp_direct_sd_probe_lowrate/impl/pnr/device.cfg","2CD0EAE192CC0A1AB510FD74F07F3AFF35388EF2ECFCA85E642CDA5DBEEEB5BD","611"
"build/mvp_direct_sd_probe_lowrate/impl/pnr/safe_field_direct_sd_probe_lowrate.db","458614D68F39EDB57138D2C75C1F30D71E0F38714056C83DF84C03B2B6D9B3BB","112220"
"build/mvp_direct_sd_probe_lowrate/impl/pnr/safe_field_direct_sd_probe_lowrate.log","BE7DC24763B474FEACDF09B3F3DD00CA4FB920B45F610DD4177A4A36B99EE152","5252"
"build/mvp_direct_sd_probe_lowrate/impl/pnr/safe_field_direct_sd_probe_lowrate.pin.html","D8E26C7D6631F0F399F1F1F54FCA564DDE16536256A8734749FA3C86085DD741","20141"
"build/mvp_direct_sd_probe_lowrate/impl/pnr/safe_field_direct_sd_probe_lowrate.power.html","B604B09D8D9C8504A573BD9189FA296311134A8D8A7EC17809FE2EEF096B835B","8214"
"build/mvp_direct_sd_probe_lowrate/impl/pnr/safe_field_direct_sd_probe_lowrate.rpt.html","3D18614D1A2FA7642C6A17B51D3DE24B8C99F22DEC3C170787DD1E6C7137B646","25189"
"build/mvp_direct_sd_probe_lowrate/impl/pnr/safe_field_direct_sd_probe_lowrate.rpt.txt","0BD4B44FE023925A40724032D1E2E42E5F65BF54859774528CA83049EF8C0A25","19067"
"build/mvp_direct_sd_probe_lowrate/impl/pnr/safe_field_direct_sd_probe_lowrate.timing_paths","355D1BBDC97A5510C31ADC53F4B556995D1B277FC8C473DBF134D6F42583466E","31434"
"build/mvp_direct_sd_probe_lowrate/impl/pnr/safe_field_direct_sd_probe_lowrate.tr","7AB57C416A94C5779017EF45EB782E8FBC931C09E6D2D373D5A6E42F97840D09","564484"
"build/mvp_direct_sd_probe_lowrate/impl/pnr/safe_field_direct_sd_probe_lowrate.tr.html","7569064648096CC453BBBE6061270922F1D272924720A27B1F48623E1FEC8765","403"
"build/mvp_direct_sd_probe_lowrate/impl/pnr/safe_field_direct_sd_probe_lowrate_tr_cata.html","C4DDB2D21EDE091D427CC456CF888FCC1716F0D82F620319C718EA13265CF3AF","8513"
"build/mvp_direct_sd_probe_lowrate/impl/pnr/safe_field_direct_sd_probe_lowrate_tr_content.html","866DF18E054DAD62BC5E8A4A1206C6617B3C3DD432CB6BF6A8F357D077E130C0","830146"
"build/mvp_direct_sd_probe_lowrate/lowrate_manifest.json","8E3BF5FC03211E6B597D266FF1776D32A1AF0A7E6582FF16C2762BAC9CA17FAA","867"
"build/mvp_direct_sd_probe_lowrate/rtl/safe_field_direct_sd_probe.v","716E0EBBAC751546D694FDDA9FDEEA21DAEF25DC06C524647D3385F8109DAB44","8991"
"build/mvp_direct_sd_probe_none/direct_sd_probe.cst","58DE62E6E8ED8684100690105FECFE6E4376A0B2AA23C0684C9E55C3CE968BA1","812"
"build/mvp_direct_sd_probe_none/direct_sd_probe.rao","6531CA0839095A684BE696589599D38EDBC660270B111160BAE4FF09C106569D","7676"
"build/mvp_direct_sd_probe_none/impl/gwsynthesis/RTL_GAO/ao_0/gw_ao_expression.v","1F4E3FB589CE114218B7317E1B5F60F59646E7CC068ACF7CFA4CEA76B1C506C0","605"
"build/mvp_direct_sd_probe_none/impl/gwsynthesis/RTL_GAO/ao_0/gw_ao_init.v","6B56EB6E516687815AA8BBBB31443CE7D8AE6886E12FD5A3EEAA0571EC85E5C3","3752"
"build/mvp_direct_sd_probe_none/impl/gwsynthesis/RTL_GAO/ao_0/gw_ao_parameter.v","5A88BB7259228733BE962E3A602D4AFF5B23CD50FF9F10A76B5A465185180F9D","3388"
"build/mvp_direct_sd_probe_none/impl/gwsynthesis/RTL_GAO/ao_0/gw_ao_top_define.v","55559A48505FE031F7C2418A2A7016C38B354E1980DA2372F3749E41F26887FC","110"
"build/mvp_direct_sd_probe_none/impl/gwsynthesis/RTL_GAO/ao_control/gw_con_parameter.v","09FB8794A33D7A5788658AE1FE0925086BD1DE358137D5DE2E3750759D60F608","27"
"build/mvp_direct_sd_probe_none/impl/gwsynthesis/RTL_GAO/ao_control/gw_con_top_define.v","7991B72C159CB5BCA78BD9BC87BA3869AB472330E189AE6225622E9787DF47F1","21"
"build/mvp_direct_sd_probe_none/impl/gwsynthesis/RTL_GAO/gw_gao_top.v","97266CAE8E26C476B88A802125DA4BCF558DE056B7905602FF5C1C2A56C7A932","10982"
"build/mvp_direct_sd_probe_none/impl/gwsynthesis/safe_field_direct_sd_probe.log","BD1764D8949F14FF411C28C587E38755231B7FE0806145F201D0BBB1C029D273","7991"
"build/mvp_direct_sd_probe_none/impl/gwsynthesis/safe_field_direct_sd_probe.prj","03A18CC1E3DE2BC16A9B730EEB2AB2D358EC00080D1270B0C7F97F76CB16A677","2267"
"build/mvp_direct_sd_probe_none/impl/gwsynthesis/safe_field_direct_sd_probe.vg","582168DED616A414129BCFA5EB11CAB6A7F9EA91526AD45C704390A1C929237D","1279093"
"build/mvp_direct_sd_probe_none/impl/gwsynthesis/safe_field_direct_sd_probe_syn.rpt.html","BBC8F919E737688F95AE00330173E25EA42841D025EF1FA176AAD7A1D3E10A8B","34870"
"build/mvp_direct_sd_probe_none/impl/gwsynthesis/safe_field_direct_sd_probe_syn_resource.html","417F6FC8F7A7DE3DA1AE6DAB93935F6C960E6B1DFC5EBD618064A60FDC1996D2","2344"
"build/mvp_direct_sd_probe_none/impl/gwsynthesis/safe_field_direct_sd_probe_syn_rsc.xml","D9B6FDAB856FAD607D55A13A9178207EA9164A6E2275E5091E921948A9539349","446"
"build/mvp_direct_sd_probe_none/impl/pnr/ao_0.bin","279B3AD98B6B0F829BAABA994CF20A92AD0629C366AC81AFDFC7FA2191FE5049","221368"
"build/mvp_direct_sd_probe_none/impl/pnr/ao_0.binx","3389449D61D05BB786B62AF455F55F6A995CD07A61438F9DD6254840B3007112","221900"
"build/mvp_direct_sd_probe_none/impl/pnr/ao_0.fs","F35F6F23B825FFD7F13F1699C68DD61BEE79AC21AE567E07A07E7ACC02EB5FB5","1773045"
"build/mvp_direct_sd_probe_none/impl/pnr/cmd.do","9204C42120406E2FBEEC4F0CB3C788987D0F725C52BFA0EF006584EF33A07D6C","674"
"build/mvp_direct_sd_probe_none/impl/pnr/device.cfg","2CD0EAE192CC0A1AB510FD74F07F3AFF35388EF2ECFCA85E642CDA5DBEEEB5BD","611"
"build/mvp_direct_sd_probe_none/impl/pnr/safe_field_direct_sd_probe.db","094A1ADFB2D66D2B88FAB53216226E1DD98881212F7712B1BC4BB8EB77CAE724","111800"
"build/mvp_direct_sd_probe_none/impl/pnr/safe_field_direct_sd_probe.log","DD0D6BC859599957DA7A8EE492ECEEE67C9419DDB90C0D0143626DB06FBF3BE7","5153"
"build/mvp_direct_sd_probe_none/impl/pnr/safe_field_direct_sd_probe.pin.html","8A55BBD42985B143DA80AC39A2DF9C1EE3891516E56E4645473CBD92B28AF793","20119"
"build/mvp_direct_sd_probe_none/impl/pnr/safe_field_direct_sd_probe.power.html","8B06353F61152296126F9A5F1F3F2BF9185AE17733F943A4924541F2FDE079DC","8192"
"build/mvp_direct_sd_probe_none/impl/pnr/safe_field_direct_sd_probe.rpt.html","A8B03D3782385459B00DACE044CD411BCB561B2BAFE7F1DBDF90A27A75FC7E85","25093"
"build/mvp_direct_sd_probe_none/impl/pnr/safe_field_direct_sd_probe.rpt.txt","DBDD253F8B7B5CA2E1039432A2FCEFB2A0D28A9B95E6E878A81CEFD7F34F7D19","19003"
"build/mvp_direct_sd_probe_none/impl/pnr/safe_field_direct_sd_probe.timing_paths","CBE78A5E12930B86FC2D5E3920BF1F84A6706522B081B700B4292151E03C4B78","34819"
"build/mvp_direct_sd_probe_none/impl/pnr/safe_field_direct_sd_probe.tr","CF1E6BC4AE7AA298B4A17530E4A0F7DFB67907EEBFD3277B2D41805C790C136B","590858"
"build/mvp_direct_sd_probe_none/impl/pnr/safe_field_direct_sd_probe.tr.html","C273B3D0D44B61CDD194D9F9FC4B63390D021BF77FF9F0CB9D3C676BCDFB654D","387"
"build/mvp_direct_sd_probe_none/impl/pnr/safe_field_direct_sd_probe_tr_cata.html","8CF1D15737DD0824B36A00F901CED40E594FBECEC0CC3227E9A84C803A265F31","8297"
"build/mvp_direct_sd_probe_none/impl/pnr/safe_field_direct_sd_probe_tr_content.html","10A69B02B9D277C105889D125A8212D00791DF9DC9C993DE89ED65A5A708A3A3","869108"
"build/mvp_direct_sd_probe_up/direct_sd_probe.cst","0FA2D6E53AFF23451487614D5022B12800D4960E09088FE591DC86F158871639","810"
"build/mvp_direct_sd_probe_up/direct_sd_probe.rao","6531CA0839095A684BE696589599D38EDBC660270B111160BAE4FF09C106569D","7676"
"build/mvp_direct_sd_probe_up/impl/gwsynthesis/RTL_GAO/ao_0/gw_ao_expression.v","1F4E3FB589CE114218B7317E1B5F60F59646E7CC068ACF7CFA4CEA76B1C506C0","605"
"build/mvp_direct_sd_probe_up/impl/gwsynthesis/RTL_GAO/ao_0/gw_ao_init.v","6B56EB6E516687815AA8BBBB31443CE7D8AE6886E12FD5A3EEAA0571EC85E5C3","3752"
"build/mvp_direct_sd_probe_up/impl/gwsynthesis/RTL_GAO/ao_0/gw_ao_parameter.v","5A88BB7259228733BE962E3A602D4AFF5B23CD50FF9F10A76B5A465185180F9D","3388"
"build/mvp_direct_sd_probe_up/impl/gwsynthesis/RTL_GAO/ao_0/gw_ao_top_define.v","55559A48505FE031F7C2418A2A7016C38B354E1980DA2372F3749E41F26887FC","110"
"build/mvp_direct_sd_probe_up/impl/gwsynthesis/RTL_GAO/ao_control/gw_con_parameter.v","09FB8794A33D7A5788658AE1FE0925086BD1DE358137D5DE2E3750759D60F608","27"
"build/mvp_direct_sd_probe_up/impl/gwsynthesis/RTL_GAO/ao_control/gw_con_top_define.v","7991B72C159CB5BCA78BD9BC87BA3869AB472330E189AE6225622E9787DF47F1","21"
"build/mvp_direct_sd_probe_up/impl/gwsynthesis/RTL_GAO/gw_gao_top.v","97266CAE8E26C476B88A802125DA4BCF558DE056B7905602FF5C1C2A56C7A932","10982"
"build/mvp_direct_sd_probe_up/impl/gwsynthesis/safe_field_direct_sd_probe.log","EB4E56CD3D9704C23233CFA57E3DBFED9BD82E00285A8D11B311280666A67876","7965"
"build/mvp_direct_sd_probe_up/impl/gwsynthesis/safe_field_direct_sd_probe.prj","4B473128374332155800976C2F67A734C5C5C1CF5135178C6EF29AE9575DCD0C","2261"
"build/mvp_direct_sd_probe_up/impl/gwsynthesis/safe_field_direct_sd_probe.vg","BA6DB912920B1E7A78C287918BE6FF249B2FAB843238CC90A8F00BA53CF38627","1279091"
"build/mvp_direct_sd_probe_up/impl/gwsynthesis/safe_field_direct_sd_probe_syn.rpt.html","1637C7732D7846E9D74F088C9237D3639BEFBB96C0AC8AA22AFEF0979871AF6F","34875"
"build/mvp_direct_sd_probe_up/impl/gwsynthesis/safe_field_direct_sd_probe_syn_resource.html","93E2D468EF90C1B35AC190DCC1DF23C9C0FD40E928A6A7AF814F5A1EA358A886","2342"
"build/mvp_direct_sd_probe_up/impl/gwsynthesis/safe_field_direct_sd_probe_syn_rsc.xml","D9B6FDAB856FAD607D55A13A9178207EA9164A6E2275E5091E921948A9539349","446"
"build/mvp_direct_sd_probe_up/impl/pnr/ao_0.bin","861152690771048E2D700806398610B53A9AE2BE6C8BF1D08F71C7B2265B0B8C","221368"
"build/mvp_direct_sd_probe_up/impl/pnr/ao_0.binx","3659F8064808EDAC7DA3B176A01D046056A1AF2CFEA9825539DFFD9C03DA7554","221900"
"build/mvp_direct_sd_probe_up/impl/pnr/ao_0.fs","5A9287812797273432B73F810378339F0C3CC9B8F81FD8EF7A76F10FB8A6947C","1773045"
"build/mvp_direct_sd_probe_up/impl/pnr/cmd.do","5C6BA68347513A85313E424D1265325EB7F8033FFE155423945DDF46698C5A2B","668"
"build/mvp_direct_sd_probe_up/impl/pnr/device.cfg","2CD0EAE192CC0A1AB510FD74F07F3AFF35388EF2ECFCA85E642CDA5DBEEEB5BD","611"
"build/mvp_direct_sd_probe_up/impl/pnr/safe_field_direct_sd_probe.db","C2A453149B866C8FD37A141498E01F001F0D00DB5AB3317210094A7BE3D6AFAF","111800"
"build/mvp_direct_sd_probe_up/impl/pnr/safe_field_direct_sd_probe.log","77509DE48675E367D5F79B84A5848150D6A80279A6618C597C5669910F0F3A72","5135"
"build/mvp_direct_sd_probe_up/impl/pnr/safe_field_direct_sd_probe.pin.html","736215D362BA6C8690541D315400ADA232EE19BE4051B386AB95F20CBB5519A7","20111"
"build/mvp_direct_sd_probe_up/impl/pnr/safe_field_direct_sd_probe.power.html","227C2762E1407F4785B8CDD2B349BC748BE3C655BA9E78A24D7260685B8B0AD0","8188"
"build/mvp_direct_sd_probe_up/impl/pnr/safe_field_direct_sd_probe.rpt.html","36E0722CF3E2A5A153F23FC64C23989E0A986984BC4ED64C71DD1456FB4C6A5F","25087"
"build/mvp_direct_sd_probe_up/impl/pnr/safe_field_direct_sd_probe.rpt.txt","FA4C20FA369B609F988E821947CFCB5B164C1B9E86296DA5D47DACC7D025244F","19001"
"build/mvp_direct_sd_probe_up/impl/pnr/safe_field_direct_sd_probe.timing_paths","CBE78A5E12930B86FC2D5E3920BF1F84A6706522B081B700B4292151E03C4B78","34819"
"build/mvp_direct_sd_probe_up/impl/pnr/safe_field_direct_sd_probe.tr","8B0AFFA5E5F8A9C54A181C06146FAC27775C049A4FA642D0F85407CAD2DE7FD2","590854"
"build/mvp_direct_sd_probe_up/impl/pnr/safe_field_direct_sd_probe.tr.html","C273B3D0D44B61CDD194D9F9FC4B63390D021BF77FF9F0CB9D3C676BCDFB654D","387"
"build/mvp_direct_sd_probe_up/impl/pnr/safe_field_direct_sd_probe_tr_cata.html","8CF1D15737DD0824B36A00F901CED40E594FBECEC0CC3227E9A84C803A265F31","8297"
"build/mvp_direct_sd_probe_up/impl/pnr/safe_field_direct_sd_probe_tr_content.html","8D591C97EB220D7952DC4D81371B2451C4C248DC3B73A1E494F67AA85B2C135E","869104"
"build/mvp_external_loopback_probe/external_loopback.rao","510C52D4AAD7E433BF6CDED06BE9EE28A5393B92E18FE019D78F70EF34C0E2E5","7162"
"build/mvp_external_loopback_probe/impl/gwsynthesis/RTL_GAO/ao_0/gw_ao_expression.v","1F4E3FB589CE114218B7317E1B5F60F59646E7CC068ACF7CFA4CEA76B1C506C0","605"
"build/mvp_external_loopback_probe/impl/gwsynthesis/RTL_GAO/ao_0/gw_ao_init.v","889918A4FA3AADE630029F1CF9B38EEF0C473DD78821B69C171B57CEDF23456E","3736"
"build/mvp_external_loopback_probe/impl/gwsynthesis/RTL_GAO/ao_0/gw_ao_parameter.v","DEDADD5E92E5B8AC53F311896FC33E8441EAB220F0DEC7B336499691AD9138B1","3388"
"build/mvp_external_loopback_probe/impl/gwsynthesis/RTL_GAO/ao_0/gw_ao_top_define.v","55559A48505FE031F7C2418A2A7016C38B354E1980DA2372F3749E41F26887FC","110"
"build/mvp_external_loopback_probe/impl/gwsynthesis/RTL_GAO/ao_control/gw_con_parameter.v","09FB8794A33D7A5788658AE1FE0925086BD1DE358137D5DE2E3750759D60F608","27"
"build/mvp_external_loopback_probe/impl/gwsynthesis/RTL_GAO/ao_control/gw_con_top_define.v","7991B72C159CB5BCA78BD9BC87BA3869AB472330E189AE6225622E9787DF47F1","21"
"build/mvp_external_loopback_probe/impl/gwsynthesis/RTL_GAO/gw_gao_top.v","D6F0ACA10C34D3C1DF04B77EFF21858A380E6B206E78E9C62F366FE60443E921","9872"
"build/mvp_external_loopback_probe/impl/gwsynthesis/safe_field_external_loopback_probe.log","C4B2AEF8313C5C4B81B9808FA4BFBAEA999D35F8C5C369B2720A0D956481A98A","8130"
"build/mvp_external_loopback_probe/impl/gwsynthesis/safe_field_external_loopback_probe.prj","E69AF78B1E5A99E1898C420D186BD1F728BE39AE472DCAB9707D0CFFE81D571D","2308"
"build/mvp_external_loopback_probe/impl/gwsynthesis/safe_field_external_loopback_probe.vg","E2669FEA269E6E1546599AFFF86CE4491D905D4740973E56374794BD694AC439","765834"
"build/mvp_external_loopback_probe/impl/gwsynthesis/safe_field_external_loopback_probe_syn.rpt.html","55888B87C31111E530CEC7E4AA97837DAE8F29E9EA765837BE9F5FFB05808E7C","34148"
"build/mvp_external_loopback_probe/impl/gwsynthesis/safe_field_external_loopback_probe_syn_resource.html","F3BAD5A8FB6BD9DE6728097B5C70EDB5BC37C31F7490C0A5E05E60815CC5FB6E","2386"
"build/mvp_external_loopback_probe/impl/gwsynthesis/safe_field_external_loopback_probe_syn_rsc.xml","17DE16EA744E682BF2BBE34642D43C722BAE17B4B73362BC867118FA4A0C3D4F","453"
"build/mvp_external_loopback_probe/impl/pnr/ao_0.bin","9C76CEA47E36514539844A9595788B65BDCFAD69E11F159D25EDCC3A00C85CBA","221368"
"build/mvp_external_loopback_probe/impl/pnr/ao_0.binx","09EDD473C25ED75D520A98304B9163562F3B6221761653795406E39C7897C16A","221900"
"build/mvp_external_loopback_probe/impl/pnr/ao_0.fs","240A7695E9BE749BE176B88B4B70F0DFFDF07B2D19E84CC3356631A4289529F5","1773045"
"build/mvp_external_loopback_probe/impl/pnr/cmd.do","9B491A8924B0170B3D4B38567CAECBD052351915CE7D1CE94BB46D58C9C3D9AE","697"
"build/mvp_external_loopback_probe/impl/pnr/device.cfg","2CD0EAE192CC0A1AB510FD74F07F3AFF35388EF2ECFCA85E642CDA5DBEEEB5BD","611"
"build/mvp_external_loopback_probe/impl/pnr/safe_field_external_loopback_probe.db","61C890A3CF2CAB136516BA8883822C75C0BE9B5CBE7684FF5DD6F28CCDEB71AF","60600"
"build/mvp_external_loopback_probe/impl/pnr/safe_field_external_loopback_probe.log","8458927813729B6E388A7D8C83765545034965216DA2967D2063A7BF1324060E","30965"
"build/mvp_external_loopback_probe/impl/pnr/safe_field_external_loopback_probe.pin.html","EA1A000665C6A6E8B725E5C0B78255E2E4EA18DCEA4627A226C4E7C502675CF3","20139"
"build/mvp_external_loopback_probe/impl/pnr/safe_field_external_loopback_probe.power.html","35FF55BA941CB64DA2F93722AA29C6D5B976DA9AEF8FB0CBCFDABFBA6187CD7A","8276"
"build/mvp_external_loopback_probe/impl/pnr/safe_field_external_loopback_probe.rpt.html","545C7D313DE91908C175AA0D96E313DE01F1646EE30170CCFE927DBF7B3B4558","25055"
"build/mvp_external_loopback_probe/impl/pnr/safe_field_external_loopback_probe.rpt.txt","3DEFF1B5C37630B8232D3F9FB01AAFF2D99818C02920E1947D0C4F55F25269F6","19003"
"build/mvp_external_loopback_probe/impl/pnr/safe_field_external_loopback_probe.timing_paths","8363AD9C5D2C5957015569B436D217D5223AC1EEF3743045928A1625C21CD259","42480"
"build/mvp_external_loopback_probe/impl/pnr/safe_field_external_loopback_probe.tr","E7E9C3E2B5F5EBDA24DDE42DD183FAD380EC2C8291903CC3713B3DA797CAA05A","581759"
"build/mvp_external_loopback_probe/impl/pnr/safe_field_external_loopback_probe.tr.html","E866FD58677886D46D8F8D322AC6EDB0F1EE7A67D1D3FF420A11623F0CBD4E6B","403"
"build/mvp_external_loopback_probe/impl/pnr/safe_field_external_loopback_probe_tr_cata.html","78BC7D5ECC0C4705F570BAF57DE63C7EC0B2987B0EC2D96F0184D1C8394123C5","8513"
"build/mvp_external_loopback_probe/impl/pnr/safe_field_external_loopback_probe_tr_content.html","350F594150EC8C17A5DAB3EB003C53F2629255A8C39179F926717F4B1619A7D1","931780"
"build/mvp_sd_edge_trace/edge_trace_manifest.json","83E7C00D8B78BC2010D62F24666533AA89509A52B7CF707A9C916CA4D459FBB1","901"
"build/mvp_sd_edge_trace/impl/gwsynthesis/RTL_GAO/ao_0/gw_ao_expression.v","1F4E3FB589CE114218B7317E1B5F60F59646E7CC068ACF7CFA4CEA76B1C506C0","605"
"build/mvp_sd_edge_trace/impl/gwsynthesis/RTL_GAO/ao_0/gw_ao_init.v","163E62484DE58C7D1072B8BF7E1B59D8351AA9C1A8463F01AFB6ECDEDA2A4B31","3616"
"build/mvp_sd_edge_trace/impl/gwsynthesis/RTL_GAO/ao_0/gw_ao_parameter.v","699789581806BAFD3C63AE6A4AB04449A6946EADC4E2FE5C240B274912D2FF63","3389"
"build/mvp_sd_edge_trace/impl/gwsynthesis/RTL_GAO/ao_0/gw_ao_top_define.v","DDDE97F94478077B38DE1623D754B8AB1F88E7502A742CC52191CC6AF8B84848","111"
"build/mvp_sd_edge_trace/impl/gwsynthesis/RTL_GAO/ao_control/gw_con_parameter.v","09FB8794A33D7A5788658AE1FE0925086BD1DE358137D5DE2E3750759D60F608","27"
"build/mvp_sd_edge_trace/impl/gwsynthesis/RTL_GAO/ao_control/gw_con_top_define.v","7991B72C159CB5BCA78BD9BC87BA3869AB472330E189AE6225622E9787DF47F1","21"
"build/mvp_sd_edge_trace/impl/gwsynthesis/RTL_GAO/gw_gao_top.v","F624448D1EB22C3400E107426704E8888BD12F946306C9FC5255E5026C81158C","2673"
"build/mvp_sd_edge_trace/impl/gwsynthesis/safe_field_sd_edge_trace.log","0425F1F0C95B97017FAEEE10CB891EB2708C5F8F392DAE2FA2FF3FEE6086CEF5","7905"
"build/mvp_sd_edge_trace/impl/gwsynthesis/safe_field_sd_edge_trace.prj","440550A9FA5D29D500CD6EF9AE58566F7244E476A073EA0C870F2F49C5C7A413","2240"
"build/mvp_sd_edge_trace/impl/gwsynthesis/safe_field_sd_edge_trace.vg","FB1C4FFF9845EB480ED5FEFD3AECD6D0315446C8280AFEAE120F70F745D3419E","238184"
"build/mvp_sd_edge_trace/impl/gwsynthesis/safe_field_sd_edge_trace_syn.rpt.html","46A79E2A1683903B4CC43B9C568720468E0263C64D90FBC561FCFF036406BED7","32481"
"build/mvp_sd_edge_trace/impl/gwsynthesis/safe_field_sd_edge_trace_syn_resource.html","02374EB2112314C15F3EAB18844A9C0D697A05E492D7DF5183899BEE66A2BF04","2322"
"build/mvp_sd_edge_trace/impl/gwsynthesis/safe_field_sd_edge_trace_syn_rsc.xml","248D732C29C8583D315D0C21122AD4B0F513E47B39A10A15A83352D554C271D3","430"
"build/mvp_sd_edge_trace/impl/pnr/ao_0.bin","C1C4FBCC7754ABF2A48EF14C80E677D48F3A7D38A5F07320351006C17D433E4C","221368"
"build/mvp_sd_edge_trace/impl/pnr/ao_0.binx","0B447F9E68AA642E4D8D04356DB6466A4BB36B9663513A785467C19E5BAC4BA1","221900"
"build/mvp_sd_edge_trace/impl/pnr/ao_0.fs","3E660D2A233F1AAF73B313D85CA3BDF95D95327154A8B1B2646B92EF7887E846","1773045"
"build/mvp_sd_edge_trace/impl/pnr/cmd.do","A9D0F9F161BF312754A160A6B80491754CDD3FFCFF0D5EC1BEB02FEF4FA2BDC4","649"
"build/mvp_sd_edge_trace/impl/pnr/device.cfg","2CD0EAE192CC0A1AB510FD74F07F3AFF35388EF2ECFCA85E642CDA5DBEEEB5BD","611"
"build/mvp_sd_edge_trace/impl/pnr/safe_field_sd_edge_trace.db","3B20914A368C3AA0B3AA32C381E788EC550234886CC9BCFD23206C942C253803","17640"
"build/mvp_sd_edge_trace/impl/pnr/safe_field_sd_edge_trace.log","A8642160584F3F9F5531F230170ED33612C6CC23168E68253F67EA590497E052","24061"
"build/mvp_sd_edge_trace/impl/pnr/safe_field_sd_edge_trace.pin.html","0B9B98E8EE182C728CC6C010D10EA19897E3925850E681340A61542C94DDB3A5","20101"
"build/mvp_sd_edge_trace/impl/pnr/safe_field_sd_edge_trace.power.html","36C86751996DBD832FFE5D4A8A6D7D47720A6ED62E3B03465F713849137B7606","8174"
"build/mvp_sd_edge_trace/impl/pnr/safe_field_sd_edge_trace.rpt.html","F3F9CEBF7F30247967A835437DFAAE9A77048FC3443DE84C160CCA6874A1E3CC","24836"
"build/mvp_sd_edge_trace/impl/pnr/safe_field_sd_edge_trace.rpt.txt","6BC8F0BCD56FE08FB81BAF9B02375F7C593CA4B4EB31037BE5F79C6D04DADCBB","18869"
"build/mvp_sd_edge_trace/impl/pnr/safe_field_sd_edge_trace.timing_paths","82FC09B44C26662D39A7A9F4341ABF758D2DD426E417FFD556D2FC10E5495EA5","39905"
"build/mvp_sd_edge_trace/impl/pnr/safe_field_sd_edge_trace.tr","F02A3B2CED23B129E466DF31747EC7111EB501CE96115CEF077FAA1BB70CE10B","595264"
"build/mvp_sd_edge_trace/impl/pnr/safe_field_sd_edge_trace.tr.html","B46AD2961049D7D088CF6559CDC1C65541BF3FCAB0AB24A3AD79EB5A062CB8FE","383"
"build/mvp_sd_edge_trace/impl/pnr/safe_field_sd_edge_trace_tr_cata.html","0C421F5DB78127D11398F410A721B81CAE1581A380E362262F96FD94C061DA81","8243"
"build/mvp_sd_edge_trace/impl/pnr/safe_field_sd_edge_trace_tr_content.html","3C34FC8E957DB294DA4ACF70C6DFC826870927080FCBC11F07EBCEC1DDC20FB6","824509"
"build/mvp_sd_edge_trace/rtl/safe_field_direct_sd_probe.v","716E0EBBAC751546D694FDDA9FDEEA21DAEF25DC06C524647D3385F8109DAB44","8991"
"build/mvp_sd_edge_trace/sd_edge_trace.cst","A49B76717D7CEC60B7631248A50F5190EBB45B829B7A4BBDD050FDE2A780EFA9","795"
"build/mvp_sd_edge_trace/sd_edge_trace.rao","9A34F9223BC2259F18DAE73E526A19C2A4E7EF26D5E8B3D84B5C7031A93E0CDF","4067"
"build/mvp_sd_edge_trace_normal/impl/gwsynthesis/RTL_GAO/ao_0/gw_ao_expression.v","1F4E3FB589CE114218B7317E1B5F60F59646E7CC068ACF7CFA4CEA76B1C506C0","605"
"build/mvp_sd_edge_trace_normal/impl/gwsynthesis/RTL_GAO/ao_0/gw_ao_init.v","163E62484DE58C7D1072B8BF7E1B59D8351AA9C1A8463F01AFB6ECDEDA2A4B31","3616"
"build/mvp_sd_edge_trace_normal/impl/gwsynthesis/RTL_GAO/ao_0/gw_ao_parameter.v","85034CDA3D955210DB90554FC24D865FC2D31FEA391688EDFBC7BAE3BEE8081C","3389"
"build/mvp_sd_edge_trace_normal/impl/gwsynthesis/RTL_GAO/ao_0/gw_ao_top_define.v","DDDE97F94478077B38DE1623D754B8AB1F88E7502A742CC52191CC6AF8B84848","111"
"build/mvp_sd_edge_trace_normal/impl/gwsynthesis/RTL_GAO/ao_control/gw_con_parameter.v","09FB8794A33D7A5788658AE1FE0925086BD1DE358137D5DE2E3750759D60F608","27"
"build/mvp_sd_edge_trace_normal/impl/gwsynthesis/RTL_GAO/ao_control/gw_con_top_define.v","7991B72C159CB5BCA78BD9BC87BA3869AB472330E189AE6225622E9787DF47F1","21"
"build/mvp_sd_edge_trace_normal/impl/gwsynthesis/RTL_GAO/gw_gao_top.v","15322C896D3D71D597CD71FC17030F240D07FA0C3ACCDFA89DCA291CCB2BD3AA","2763"
"build/mvp_sd_edge_trace_normal/impl/gwsynthesis/safe_field_sd_edge_trace_normal.log","11DEEE620DD186283250919C444AEAA62EDBE08B36D975E7AA203B25B9A02CF7","8010"
"build/mvp_sd_edge_trace_normal/impl/gwsynthesis/safe_field_sd_edge_trace_normal.prj","4E2F79BB546B2854E4C936C623599F72F52774E1279445CAE998F5A2ECA4D25F","2275"
"build/mvp_sd_edge_trace_normal/impl/gwsynthesis/safe_field_sd_edge_trace_normal.vg","900F6F04AF9A4DD394EA371FE65935D36B864C1887FEC785FA37DC33AB665E83","239972"
"build/mvp_sd_edge_trace_normal/impl/gwsynthesis/safe_field_sd_edge_trace_normal_syn.rpt.html","2CF2AED3955B3ADE6F57134EAAC754E1D770AC11DC6365AB81C9CF9CEA8E14B4","32507"
"build/mvp_sd_edge_trace_normal/impl/gwsynthesis/safe_field_sd_edge_trace_normal_syn_resource.html","850B773F4B336D00766C02FA0064B10E23975365E09529446AC53EF7022B9B7D","2344"
"build/mvp_sd_edge_trace_normal/impl/gwsynthesis/safe_field_sd_edge_trace_normal_syn_rsc.xml","20E632DBC500CF853101A79A7247012831FA6E0E86834A28F9B0F7E175B7C4DB","432"
"build/mvp_sd_edge_trace_normal/impl/pnr/ao_0.bin","CF6F2A5C3762FE206CAA8DE84ED8DDC9B26CE4E770C42417F31326F1FD998823","221368"
"build/mvp_sd_edge_trace_normal/impl/pnr/ao_0.binx","6C9D94022173C8489C8875CB24B6CFA7D7CD61B00F18CCEE1C7BADBCF36A1AFB","221900"
"build/mvp_sd_edge_trace_normal/impl/pnr/ao_0.fs","7FB6AB560B7F7F68D03D6DE09E5C567F458E60A171C9B813F209FCDF07A817ED","1773045"
"build/mvp_sd_edge_trace_normal/impl/pnr/cmd.do","06BD193A547C8706D26CCD1FE72D556C947D87B36DE62E52784FCB8637FE7F18","684"
"build/mvp_sd_edge_trace_normal/impl/pnr/device.cfg","2CD0EAE192CC0A1AB510FD74F07F3AFF35388EF2ECFCA85E642CDA5DBEEEB5BD","611"
"build/mvp_sd_edge_trace_normal/impl/pnr/safe_field_sd_edge_trace_normal.db","F3EF80ADEB7A2153091BCD254FFA0AB3AC6286D8D89F2FCE5969CA76893025E5","17800"
"build/mvp_sd_edge_trace_normal/impl/pnr/safe_field_sd_edge_trace_normal.log","FB8EB9444953EC7FB95E8F5C7AAACB856CC238FA78397A1374659B3EC2C0E08C","27509"
"build/mvp_sd_edge_trace_normal/impl/pnr/safe_field_sd_edge_trace_normal.pin.html","944B6A42010DB5D4D6EE74C7CEDE5452BFE6B6346D57B00687E5E2354682519D","20129"
"build/mvp_sd_edge_trace_normal/impl/pnr/safe_field_sd_edge_trace_normal.power.html","9423D1EB68E9342C0BCD7BF68D801C673EDBB54469997DC31008396B98E69DBD","8202"
"build/mvp_sd_edge_trace_normal/impl/pnr/safe_field_sd_edge_trace_normal.rpt.html","980F4E89E34D4BC9478BB6909B77799F4AF1DF684475C611C7EF1E5905ECCC19","24864"
"build/mvp_sd_edge_trace_normal/impl/pnr/safe_field_sd_edge_trace_normal.rpt.txt","695D886FBAC274F2D615E00A4EFDD5F66E84DB95A3885D60D5CE200525365D5D","18897"
"build/mvp_sd_edge_trace_normal/impl/pnr/safe_field_sd_edge_trace_normal.timing_paths","D55307024AD4D5887084228BE2AA19CACF50DE51E91314B279AE0627CB36A110","39556"
"build/mvp_sd_edge_trace_normal/impl/pnr/safe_field_sd_edge_trace_normal.tr","1052D0D4D77074512F775B030406AB3E78B1ABA62006C624ADE107B8506A0AF7","593983"
"build/mvp_sd_edge_trace_normal/impl/pnr/safe_field_sd_edge_trace_normal.tr.html","9605FAB0D6DE8A821F277C930B9D6C69B86DD44F253AEFE12055BF046FD58BE8","397"
"build/mvp_sd_edge_trace_normal/impl/pnr/safe_field_sd_edge_trace_normal_tr_cata.html","6D7EB4B9FDA27AECFF1447477D31893C1EB952DB4743FCD219FB81EAC09BCE37","8432"
"build/mvp_sd_edge_trace_normal/impl/pnr/safe_field_sd_edge_trace_normal_tr_content.html","FCE2BCE151764EC945C939FE8C0DC607161FC65E47BF092D25448B60A6B052AC","819899"
"build/mvp_sd_edge_trace_normal/normal_manifest.json","7D1D832C401FA68F234AB1FF14042D72DA45BC5F203954819676CAB3411DA195","361"
"build/mvp_sd_edge_trace_normal/rtl/safe_field_direct_sd_probe.v","EE2774DD6B2E07186113834DA3D3A2240E3A4A38B718D92E8F6A04DD57889E4F","9427"
"build/mvp_sd_edge_trace_normal/sd_edge_trace_normal.cst","A49B76717D7CEC60B7631248A50F5190EBB45B829B7A4BBDD050FDE2A780EFA9","795"
"build/mvp_sd_edge_trace_normal/sd_edge_trace_normal.rao","CD5FDF9A650E1608AC0CC06F6BE3922E12C304EA2E36B8C5F1D784D683B5E568","4127"
"docs/mvp_operational/DIRECT_SD_DIGITAL_PROBE_20260913.md","FD5EFBBA7F4983EF88ECF4BE50D9A9C97A3AB661A6D539278EA80C5ECFCB29B5","8848"
"docs/mvp_operational/DIRECT_SD_POST_GROUND_REPAIR_20260913.md","AC700C6B7D2B6953473D72094B95FFAD6A1211D6A03C7F1888E9E90FDC4C3A6D","13046"
"docs/mvp_operational/EXTERNAL_LOOPBACK_GATE_20260913.md","E305E5414935A059C9D0BD014011A5100E9350BF05F45A9929568D9D2F8625DE","22825"
"docs/mvp_operational/INMP441_ACOUSTIC_REVALIDATION_20260913.md","DAE7E1211673C8A495ED3D35E6E6854D8D01C6F8EC7D1C500261F407932CDB6A","3508"
"docs/mvp_operational/INMP441_WIRING_20260913.md","639323F31634FF58820833F22378613DDAF749ACF7B80EECE38F6E9EDE4A97E2","7044"
"raspberry_mvp/raw24_diagnostic/play_synchronized_bench.py","76BFB2FDAC343371107DB04B32683FB481BF8EC4B5F7E7EF7AA71ECFB6D0EFF4","8213"
"raspberry_mvp/raw24_diagnostic/synchronized_bench.py","98252E30D24A75B36D71E6D9782B0E4200E38AB01891E8CFB20FDEA7289C3358","11607"
"raspberry_mvp/raw24_diagnostic/test_synchronized_bench.py","5E821F3A7370180C95C64CFB31716339E4EC67D4143005A00406B6C7E6D01D73","2874"
"verilog_mvp/direct_sd_probe/README.md","2A521AE162FE58255349360EC9692940FEB9345C69FA6537C86A6DA4D2D657B6","1733"
"verilog_mvp/direct_sd_probe/constraints/direct_sd_probe.cst","A49B76717D7CEC60B7631248A50F5190EBB45B829B7A4BBDD050FDE2A780EFA9","795"
"verilog_mvp/direct_sd_probe/constraints/direct_sd_probe.sdc","B715DF7B65498E56C2E4367D66683A59FDCC2A828F944F040396EF2567A20BD3","386"
"verilog_mvp/direct_sd_probe/rtl/safe_field_direct_sd_probe.v","60D3E46DD59AA5BEBE96B9239C943703F11AC62CDA2265F88D4FF9A50792B428","8799"
"verilog_mvp/direct_sd_probe/scripts/analyze_probe.py","9A67536C1B7664A89C340D50F2715DA942AF505D099AACFBC4FCAB8969C1EFA9","4902"
"verilog_mvp/direct_sd_probe/scripts/analyze_sd_edge_trace.py","6F1BC25E8500FC2932F5C06BE189330DB047C455AE3B375D28E8BE1A4F3DFDA6","17144"
"verilog_mvp/direct_sd_probe/scripts/build_lowrate_probe.tcl","535517CF806F6CE99E099431F77B2278E8BE8481A3E004EF17BC18937AFDFE27","2005"
"verilog_mvp/direct_sd_probe/scripts/build_probe.tcl","60ECFEF71754DA77A239607E12F4A27260AE72D791704064BECC9106862B4BE8","1735"
"verilog_mvp/direct_sd_probe/scripts/build_sd_edge_trace.tcl","CC709BE359DB555DAA304EBC4AE8F53165A70188FFE8101D846D556CEFFAED0E","2155"
"verilog_mvp/direct_sd_probe/scripts/build_sd_edge_trace_normal.tcl","D0DB2745A848611AB6275BEED6DE5E20827F933C9D808C278C3B4E1ECA405316","1562"
"verilog_mvp/direct_sd_probe/scripts/prepare_lowrate_probe.py","528979E02224A1685D3C0319DFF4C4BCF4FC9F204DA9594319B1F76B8160CD49","3319"
"verilog_mvp/direct_sd_probe/scripts/prepare_probe.py","4F94EEBFC62BA247133616A5AD3DAA2D3394EB4705AB2513679524D3D8A5CB7A","2082"
"verilog_mvp/direct_sd_probe/scripts/prepare_sd_edge_trace.py","7B5D4A3508BD803A2BD16E6357B61D7E75D6376CA2F036D7637D1F6D09F916A3","3753"
"verilog_mvp/direct_sd_probe/scripts/prepare_sd_edge_trace_normal.py","A4C46AEAD21A471745B791801C57857ACD83D99E944D14629719B83B49A8DAFD","2889"
"verilog_mvp/direct_sd_probe/scripts/run_lowrate_sim.mjs","03C55761714409C8E371EC758DE8965F906491DA76B04C6CB5D8AE3E6F4EF83B","1742"
"verilog_mvp/direct_sd_probe/scripts/run_sd_input_pipeline.mjs","E7F57C292629F5131518555474810552384139A775F4DAB940C240EFAB8691A4","990"
"verilog_mvp/direct_sd_probe/scripts/run_sim.mjs","E91EB1F99207DBDF82D27C16EBC09AB137FE7AF74DA9C0D6616D6D7CF8A38E87","1323"
"verilog_mvp/direct_sd_probe/scripts/test_analyze_probe.py","8632CD29D8F723AA5D62F4CB7F53C4D501F13E77E226DC41D684E86281F4F3A6","2295"
"verilog_mvp/direct_sd_probe/tb/tb_safe_field_direct_sd_probe.v","F8ED42A37C095C3B74539405E3A41DC946D905B62053CA946D2C6C2FDBD8B6AB","10748"
"verilog_mvp/direct_sd_probe/tb/tb_sd_input_pipeline.v","CAA7ACF8014B0E7DA565E2A0EEA70A45D25B4E84B2117361022AFB2A7CB01F7B","856"
"verilog_mvp/external_loopback_probe/rtl/safe_field_external_loopback_probe.v","2701DE8C2B8E42776F7BFEB9D0E8962395F76ED61CBC3C9B3262DDFD9076331A","10600"
"verilog_mvp/external_loopback_probe/scripts/analyze.py","D448C50BD21DF6A111CD1B62F14A6DA26E4813E9286E3BDB6428FFC1E80F327C","3109"
"verilog_mvp/external_loopback_probe/scripts/build.tcl","693FA0149916D9175670463B3FF6CFF9DF2DF404A7D99B21AD1F76D49C672CF4","1391"
"verilog_mvp/external_loopback_probe/scripts/prepare.py","270D2AB81E6EEB8C83991B8F2AA37FB10B5C7386023E57B5D66B94A155FDB7EE","1266"
"verilog_mvp/external_loopback_probe/scripts/test_analyze.py","B3F0B6D623E3A031215A3F7DDDEE8C75F0C672D9CE69D0C320FEBD6AA71C8A9A","1801"
"verilog_mvp/external_loopback_probe/tb/run_sim.mjs","3802D1DC8459338DEAF76467EA9A44042D16C9496C64270E258723BAAD4E9C6D","924"
"verilog_mvp/external_loopback_probe/tb/tb_safe_field_external_loopback_probe.v","C539BC7C4636A18D4576A571FB14883EB86207A9BDA28750EECB360C775C2384","6331"
"wearable/safe_field_capture_sync/build/boot_app0_flashed.bin","F94C5D786A7A8FAB06AC5D10E33BF37711A6697636DC037559EA19CC410A17F0","8192"
"wearable/safe_field_capture_sync/build/esp32.esp32.esp32s3/boot_app0.bin","F94C5D786A7A8FAB06AC5D10E33BF37711A6697636DC037559EA19CC410A17F0","8192"
"wearable/safe_field_capture_sync/build/esp32.esp32.esp32s3/build.options.json","A2768DFABFCB0E55B8A08FEA3C2E32BD85C52613B70F4C84989701B0B6E78130","716"
"wearable/safe_field_capture_sync/build/esp32.esp32.esp32s3/flash_args","D6E1A8A8600B92B4CF37961FD97AD7A53AD6AAAFD98F4BF777265D13E2430500","224"
"wearable/safe_field_capture_sync/build/esp32.esp32.esp32s3/partitions.csv","7E9C47A69C32D377EA06CE01C26293AA92B1B244D3E16CCE3B5BC4DA9E28CBE7","378"
"wearable/safe_field_capture_sync/build/esp32.esp32.esp32s3/safe_field_capture_sync.ino.bin","9D9E8720A87185D463B535086AE50F46AF970838546A580ED676CFAEBBE41173","1102096"
"wearable/safe_field_capture_sync/build/esp32.esp32.esp32s3/safe_field_capture_sync.ino.bootloader.bin","31B3C1BE45DC5A76AA85C82540D6787B675E711EAF11021A5EEA7E36F469C6DE","19968"
"wearable/safe_field_capture_sync/build/esp32.esp32.esp32s3/safe_field_capture_sync.ino.elf","F8156CA6DC80562C1708B093F7CAB16161C761E6C6A6305163AB6C7B26995025","18227168"
"wearable/safe_field_capture_sync/build/esp32.esp32.esp32s3/safe_field_capture_sync.ino.map","36A821AE74282BED1DE73A207A1FFEC8B3F89220D43632A3F1A467A2FDD35B1D","18475722"
"wearable/safe_field_capture_sync/build/esp32.esp32.esp32s3/safe_field_capture_sync.ino.merged.bin","85B5D013F13B461371B5D85C670CBEC6CC52D5C87223FF5C2CD431A7F9E81023","16777216"
"wearable/safe_field_capture_sync/build/esp32.esp32.esp32s3/safe_field_capture_sync.ino.partitions.bin","ACE02503447D0F470692E65FA76002F2D77A92DC81CD3813D8AA66718D716DA9","3072"
"wearable/safe_field_capture_sync/build/esp32.esp32.esp32s3/sdkconfig","534F3457AAF3FFBC82C45DC21D6B3AC57388C82D0D9A24BD2B8E6CADC3E48D9D","143539"
"wearable/safe_field_capture_sync/build/safe_field_capture_sync.ino.bin","9D9E8720A87185D463B535086AE50F46AF970838546A580ED676CFAEBBE41173","1102096"
"wearable/safe_field_capture_sync/build/safe_field_capture_sync.ino.bootloader.bin","31B3C1BE45DC5A76AA85C82540D6787B675E711EAF11021A5EEA7E36F469C6DE","19968"
"wearable/safe_field_capture_sync/build/safe_field_capture_sync.ino.bootloader_flashed.bin","31B3C1BE45DC5A76AA85C82540D6787B675E711EAF11021A5EEA7E36F469C6DE","19968"
"wearable/safe_field_capture_sync/build/safe_field_capture_sync.ino.elf","F8156CA6DC80562C1708B093F7CAB16161C761E6C6A6305163AB6C7B26995025","18227168"
"wearable/safe_field_capture_sync/build/safe_field_capture_sync.ino.map","36A821AE74282BED1DE73A207A1FFEC8B3F89220D43632A3F1A467A2FDD35B1D","18475722"
"wearable/safe_field_capture_sync/build/safe_field_capture_sync.ino.merged.bin","85B5D013F13B461371B5D85C670CBEC6CC52D5C87223FF5C2CD431A7F9E81023","16777216"
"wearable/safe_field_capture_sync/build/safe_field_capture_sync.ino.partitions.bin","ACE02503447D0F470692E65FA76002F2D77A92DC81CD3813D8AA66718D716DA9","3072"
"wearable/safe_field_capture_sync/build/safe_field_capture_sync.ino.partitions_flashed.bin","ACE02503447D0F470692E65FA76002F2D77A92DC81CD3813D8AA66718D716DA9","3072"
"wearable/safe_field_capture_sync/build/safe_field_capture_sync.ino_flashed.bin","9D9E8720A87185D463B535086AE50F46AF970838546A580ED676CFAEBBE41173","1102096"
