kind,sequence,rtt_us,ok
response,0,1567.961,1
response,1,1755.869,1
response,2,2809.904,1
response,3,5077.716,1
response,4,5125.531,1
response,5,2810.071,1
response,6,3132.200,1
response,7,2886.015,1
response,8,2823.923,1
response,9,2586.941,1
response,10,2868.089,1
response,11,2562.812,1
response,12,2565.423,1
response,13,4192.939,1
response,14,4230.736,1
response,15,3752.088,1
response,16,4203.254,1
response,17,3712.292,1
response,18,3703.551,1
response,19,3668.421,1
response,20,3759.718,1
response,21,3203.163,1
response,22,3731.903,1
response,23,3282.070,1
response,24,3258.367,1
response,25,3263.996,1
response,26,3352.052,1
response,27,2800.664,1
response,28,3317.867,1
response,29,2854.238,1
response,30,2762.756,1
response,31,2890.663,1
response,32,2843.608,1
response,33,5204.365,1
response,34,5076.160,1
response,35,4678.531,1
response,36,4566.476,1
response,37,4735.327,1
response,38,4182.644,1
response,39,4619.365,1
response,40,4252.458,1
response,41,4111.328,1
response,42,4229.940,1
response,43,4246.939,1
response,44,3770.181,1
response,45,4232.013,1
response,46,3733.310,1
response,47,3661.218,1
response,48,3708.551,1
response,49,3746.977,1
response,50,3286.071,1
response,51,3726.403,1
response,52,3297.070,1
response,53,3294.904,1
response,54,3229.774,1
response,55,3327.867,1
response,56,2859.218,1
response,57,3283.089,1
response,58,2837.182,1
response,59,2857.867,1
response,60,5167.808,1
response,61,5013.105,1
response,62,4646.958,1
response,63,4678.865,1
response,64,4707.273,1
response,65,4155.069,1
response,66,4271.587,1
response,67,4188.754,1
response,68,3797.681,1
response,69,1317.036,1
response,70,3747.162,1
response,71,3732.551,1
response,72,2307.868,1
response,73,2281.349,1
response,74,2026.405,1
response,75,2292.089,1
response,76,2006.516,1
response,77,2018.757,1
response,78,1986.461,1
response,79,2007.294,1
response,80,1738.202,1
response,81,2007.756,1
response,82,1729.369,1
response,83,1704.887,1
response,84,1752.813,1
response,85,1738.424,1
response,86,3068.700,1
response,87,3109.941,1
response,88,2859.182,1
response,89,3112.200,1
response,90,2802.201,1
response,91,2808.626,1
response,92,2858.219,1
response,93,2859.238,1
response,94,2580.515,1
response,95,2793.570,1
response,96,2577.553,1
response,97,2535.812,1
response,98,2294.794,1
response,99,2552.182,1
response,100,2275.183,1
response,101,2291.016,1
response,102,2292.534,1
response,103,2282.683,1
response,104,2028.776,1
response,105,2275.757,1
response,106,1981.090,1
response,107,2022.998,1
response,108,2002.386,1
response,109,2020.461,1
response,110,1731.961,1
response,111,1987.497,1
response,112,1749.868,1
response,113,1734.869,1
response,114,1719.035,1
response,115,1696.109,1
response,116,1462.887,1
response,117,1732.238,1
response,118,2813.589,1
response,119,3085.626,1
response,120,2809.385,1
response,121,2833.775,1
response,122,2845.774,1
response,123,2830.144,1
response,124,2566.127,1
response,125,2816.144,1
response,126,2567.700,1
response,127,2564.478,1
response,128,2572.312,1
response,129,2554.163,1
response,130,2278.905,1
response,131,2506.478,1
response,132,2270.183,1
response,133,2282.942,1
response,134,2303.108,1
response,135,2299.479,1
response,136,2005.220,1
response,137,2287.386,1
response,138,2003.609,1
response,139,2000.738,1
response,140,1993.923,1
response,141,2014.627,1
response,142,1744.017,1
response,143,2003.368,1
response,144,1737.979,1
response,145,1696.831,1
response,146,1461.498,1
response,147,1720.239,1
response,148,2809.700,1
response,149,3118.200,1
response,150,2790.701,1
response,151,2833.238,1
response,152,2838.960,1
response,153,2834.812,1
response,154,2571.497,1
response,155,2858.256,1
response,156,2572.311,1
response,157,2581.830,1
response,158,2554.645,1
response,159,2568.645,1
response,160,2294.941,1
response,161,2545.478,1
response,162,2274.571,1
response,163,2298.016,1
response,164,2274.423,1
response,165,2293.738,1
response,166,2020.368,1
response,167,2280.219,1
response,168,2011.108,1
response,169,1990.423,1
response,170,2019.350,1
response,171,2004.387,1
response,172,1726.331,1
response,173,1993.257,1
response,174,1732.035,1
response,175,1734.739,1
response,176,1722.368,1
response,177,1732.257,1
response,178,3081.848,1
response,179,3102.959,1
response,180,2855.775,1
response,181,3105.237,1
response,182,2831.996,1
response,183,2803.238,1
response,184,2532.868,1
response,185,2859.367,1
response,186,2558.571,1
response,187,2569.571,1
response,188,2560.515,1
response,189,2531.793,1
response,190,2284.664,1
response,191,2582.256,1
response,192,2286.552,1
response,193,2323.442,1
response,194,2315.701,1
response,195,2266.572,1
response,196,2011.609,1
response,197,2275.997,1
response,198,1995.331,1
response,199,2010.794,1
response,200,2025.516,1
response,201,2013.868,1
response,202,1732.128,1
response,203,2008.127,1
response,204,1728.628,1
response,205,1749.868,1
response,206,1742.757,1
response,207,1735.257,1
response,208,1461.239,1
response,209,1722.443,1
response,210,2827.441,1
response,211,3122.793,1
response,212,2805.015,1
response,213,2831.311,1
response,214,2838.496,1
response,215,2804.812,1
response,216,2574.645,1
response,217,2822.201,1
response,218,2533.756,1
response,219,2530.553,1
response,221,2548.293,1
response,222,2288.108,1
response,223,2541.534,1
response,224,2307.460,1
response,225,2265.552,1
response,226,2274.998,1
response,227,2285.515,1
response,228,2025.702,1
response,229,2020.072,1
response,230,2004.256,1
response,231,2017.331,1
response,232,1742.035,1
response,233,2010.201,1
response,234,1728.332,1
response,235,1758.609,1
response,236,1733.942,1
response,237,1731.813,1
response,238,1484.499,1
response,239,1711.850,1
response,240,2854.756,1
response,241,3117.440,1
response,242,2848.367,1
response,243,2847.070,1
response,244,2784.793,1
response,245,2837.867,1
response,246,2553.256,1
response,247,2815.108,1
response,248,2549.515,1
response,249,2546.516,1
response,250,2566.404,1
response,251,2551.960,1
response,252,2288.535,1
response,253,2541.367,1
response,254,2280.109,1
response,255,2284.904,1
response,256,2280.645,1
response,257,2289.886,1
response,258,2004.665,1
response,259,2275.479,1
response,260,2018.479,1
response,261,2013.849,1
response,262,1989.424,1
response,263,1983.275,1
response,264,1742.887,1
response,265,2000.165,1
response,266,1730.294,1
response,267,1726.276,1
response,268,1711.498,1
response,269,1728.405,1
response,270,2870.367,1
response,271,3115.256,1
response,272,2893.349,1
response,273,2884.830,1
response,274,2852.237,1
response,275,2893.941,1
response,276,2608.182,1
response,277,2855.071,1
response,278,2615.978,1
response,279,2596.552,1
response,280,2599.015,1
response,281,2637.867,1
response,282,2328.572,1
response,283,2614.590,1
response,284,2355.905,1
response,285,2301.034,1
response,286,2341.942,1
response,287,2301.812,1
response,288,2027.627,1
response,289,2296.349,1
response,290,2078.608,1
response,291,2024.813,1
response,292,2022.498,1
response,293,2028.145,1
response,294,1742.128,1
response,295,2029.535,1
response,296,1756.368,1
response,297,1747.813,1
response,298,1749.128,1
response,299,1756.998,1
response,300,3124.330,1
response,301,3117.663,1
response,302,2860.163,1
response,303,3155.348,1
response,304,2860.386,1
response,305,2877.812,1
response,306,2837.719,1
response,307,2856.441,1
response,308,2592.497,1
response,309,2614.553,1
response,310,2582.404,1
response,311,2596.627,1
response,312,2307.942,1
response,313,2621.645,1
response,314,2347.460,1
response,315,2337.590,1
response,316,2316.034,1
response,317,2306.886,1
response,318,2036.812,1
response,319,2296.978,1
response,320,2024.517,1
response,321,2025.961,1
response,322,2026.498,1
response,323,2014.757,1
response,324,1751.905,1
response,325,2019.275,1
response,326,1747.961,1
response,327,1754.646,1
response,328,1728.980,1
response,329,1753.720,1
response,330,1475.072,1
response,331,1746.202,1
response,332,2867.737,1
response,333,3093.422,1
response,334,2898.811,1
response,335,2829.534,1
response,336,2850.515,1
response,337,2844.034,1
response,338,2603.219,1
response,339,2857.718,1
response,340,2578.830,1
response,341,2566.960,1
response,342,4199.051,1
response,343,4357.235,1
response,344,3777.940,1
response,345,4234.217,1
response,346,3743.495,1
response,347,3711.403,1
response,348,3769.884,1
response,349,3839.347,1
response,350,3311.237,1
response,351,3773.125,1
response,352,3389.514,1
response,353,3301.941,1
response,354,3397.088,1
response,355,3342.051,1
response,356,2869.997,1
response,357,3264.071,1
response,358,797.925,1
response,359,2816.071,1
response,360,2837.737,1
response,361,2839.589,1
response,362,2579.108,1
response,363,2881.034,1
response,364,2566.553,1
response,365,2561.275,1
response,366,2558.923,1
response,367,2569.182,1
response,368,2282.015,1
response,369,2564.145,1
response,370,2290.738,1
response,371,2278.627,1
response,372,2278.775,1
response,373,2292.460,1
response,374,2025.146,1
response,375,2304.849,1
response,376,2032.608,1
response,377,2026.165,1
response,378,2030.442,1
response,379,2025.404,1
response,380,1768.646,1
response,381,2025.165,1
response,382,1759.979,1
response,383,1734.498,1
response,384,1743.757,1
response,385,1760.443,1
response,386,3138.570,1
response,387,3166.200,1
response,388,2860.996,1
response,389,2844.923,1
response,390,2920.163,1
response,391,2876.626,1
response,392,2565.904,1
response,393,2865.312,1
response,394,2585.571,1
response,395,2560.645,1
response,396,2607.960,1
response,397,2562.312,1
response,398,2314.886,1
response,399,2606.071,1
response,400,2297.535,1
response,401,2279.219,1
response,402,3028.515,1
response,403,2318.978,1
response,404,2041.886,1
response,405,2303.997,1
response,406,2016.719,1
response,407,2020.294,1
response,408,2025.553,1
response,409,2029.553,1
response,410,1746.091,1
response,411,2021.517,1
response,412,1728.590,1
response,413,1768.239,1
response,414,1759.979,1
response,415,1732.775,1
response,416,1482.220,1
response,417,1755.794,1
response,418,2875.978,1
response,419,3098.237,1
response,420,2822.293,1
response,421,2863.423,1
response,422,2826.793,1
response,423,2847.385,1
response,424,2597.200,1
response,425,2822.812,1
response,426,2558.293,1
response,427,2567.812,1
response,428,2587.608,1
response,429,2588.904,1
response,430,2299.960,1
response,431,2525.145,1
response,432,2267.238,1
response,433,2302.923,1
response,434,2315.756,1
response,435,2291.331,1
response,436,3325.385,1
response,437,3748.254,1
response,438,3289.496,1
response,439,3324.126,1
response,440,3222.607,1
response,441,3355.366,1
response,442,1686.349,1
response,443,1767.832,1
response,444,1754.035,1
response,445,1746.813,1
response,446,1480.591,1
response,447,1755.313,1
response,448,2878.497,1
response,449,3144.533,1
response,450,2858.793,1
response,451,2860.904,1
response,452,2860.163,1
response,453,2849.830,1
response,454,2576.904,1
response,455,2859.200,1
response,456,2577.831,1
response,457,2548.516,1
response,458,2600.756,1
response,459,2574.071,1
response,460,2313.108,1
response,461,2585.441,1
response,462,2290.294,1
response,463,2296.497,1
response,464,2289.608,1
response,465,2307.442,1
response,466,2036.331,1
response,467,2303.868,1
response,468,2016.108,1
response,469,2010.720,1
response,470,2027.961,1
response,471,2027.090,1
response,472,1748.424,1
response,473,2015.812,1
response,474,1752.572,1
response,475,1727.850,1
response,476,1750.498,1
response,477,1747.221,1
response,478,2883.496,1
response,479,3136.830,1
response,480,2813.756,1
response,481,2876.089,1
response,482,2832.293,1
response,483,2831.830,1
response,484,2559.775,1
response,485,2822.830,1
response,486,2581.553,1
response,487,2584.775,1
response,488,2587.941,1
response,489,2568.775,1
response,490,2318.941,1
response,491,2597.719,1
response,492,2312.164,1
response,493,2309.534,1
response,494,2318.887,1
response,495,2322.535,1
response,496,2049.887,1
response,497,2330.071,1
response,498,2038.775,1
response,499,2019.442,1
response,500,2029.868,1
response,501,2036.183,1
response,502,1742.887,1
response,503,2012.572,1
response,504,1743.980,1
response,505,1766.202,1
response,506,1760.868,1
response,507,1771.257,1
response,508,3157.274,1
response,509,3135.681,1
response,510,2881.497,1
response,511,3136.497,1
response,512,2854.256,1
response,513,2853.330,1
response,514,2828.608,1
response,515,2804.237,1
response,516,2597.015,1
response,517,2579.664,1
response,518,2568.553,1
response,519,2585.590,1
response,520,2303.015,1
response,521,2587.719,1
response,522,2294.497,1
response,523,2328.201,1
response,524,2309.461,1
response,525,2323.497,1
response,526,2044.609,1
response,527,2312.145,1
response,528,2034.145,1
response,529,2043.979,1
response,530,2036.108,1
response,531,2040.109,1
response,532,1783.664,1
response,533,2065.016,1
response,534,1734.424,1
response,535,1760.332,1
response,536,1745.201,1
response,537,1783.609,1
response,538,1478.942,1
response,539,1734.887,1
response,540,2873.459,1
response,541,3175.237,1
response,542,2822.274,1
response,543,2833.867,1
response,544,2876.738,1
response,545,2876.663,1
response,546,2599.256,1
response,547,2851.275,1
response,548,2572.478,1
response,549,2587.146,1
response,550,2570.294,1
response,551,2575.830,1
response,552,2282.886,1
response,553,4226.421,1
response,554,3747.885,1
response,555,3722.903,1
response,556,3772.680,1
response,557,3765.292,1
response,558,3306.274,1
response,559,3755.995,1
response,560,1987.016,1
response,561,2023.886,1
response,562,1760.628,1
response,563,2018.090,1
response,564,1745.405,1
response,565,1790.423,1
response,566,1764.905,1
response,567,1759.072,1
response,568,1490.220,1
response,569,1746.368,1
response,570,2865.885,1
response,571,3130.293,1
response,572,2875.570,1
response,573,2896.515,1
response,574,2883.090,1
response,575,2878.682,1
response,576,2610.738,1
response,577,2891.496,1
response,578,2586.959,1
response,579,2599.978,1
response,580,2603.441,1
response,581,2574.164,1
response,582,2309.830,1
response,583,2585.016,1
response,584,2322.775,1
response,585,2295.682,1
response,586,2314.071,1
response,587,2303.108,1
response,588,2010.850,1
response,589,2329.534,1
response,590,2042.923,1
response,591,2041.571,1
response,592,2030.405,1
response,593,2027.386,1
response,594,1738.665,1
response,595,2039.534,1
response,596,1762.886,1
response,597,1741.906,1
response,598,1748.165,1
response,599,1775.239,1
